-- phpMyAdmin SQL Dump
-- version 5.0.2
-- https://www.phpmyadmin.net/
--
-- Máy chủ: 127.0.0.1
-- Thời gian đã tạo: Th10 02, 2021 lúc 03:04 PM
-- Phiên bản máy phục vụ: 10.4.14-MariaDB
-- Phiên bản PHP: 7.2.33

SET SQL_MODE = "NO_AUTO_VALUE_ON_ZERO";
START TRANSACTION;
SET time_zone = "+00:00";


/*!40101 SET @OLD_CHARACTER_SET_CLIENT=@@CHARACTER_SET_CLIENT */;
/*!40101 SET @OLD_CHARACTER_SET_RESULTS=@@CHARACTER_SET_RESULTS */;
/*!40101 SET @OLD_COLLATION_CONNECTION=@@COLLATION_CONNECTION */;
/*!40101 SET NAMES utf8mb4 */;

--
-- Cơ sở dữ liệu: `trac_nghiem`
--

-- --------------------------------------------------------

--
-- Cấu trúc bảng cho bảng `cauhoi`
--

CREATE TABLE `cauhoi` (
  `id` bigint(20) UNSIGNED NOT NULL,
  `noidung` varchar(255) COLLATE utf8mb4_unicode_ci NOT NULL,
  `dapandung` varchar(255) COLLATE utf8mb4_unicode_ci NOT NULL,
  `idloaicauhoi` bigint(20) UNSIGNED NOT NULL,
  `created_at` timestamp NULL DEFAULT NULL,
  `updated_at` timestamp NULL DEFAULT NULL
) ENGINE=InnoDB DEFAULT CHARSET=utf8mb4 COLLATE=utf8mb4_unicode_ci;

--
-- Đang đổ dữ liệu cho bảng `cauhoi`
--

INSERT INTO `cauhoi` (`id`, `noidung`, `dapandung`, `idloaicauhoi`, `created_at`, `updated_at`) VALUES
(1, 'image-000.jpg', '2', 1, '2021-07-21 08:49:54', '2021-07-21 08:49:54'),
(2, 'image-001.jpg', '2', 1, '2021-07-21 08:49:54', '2021-07-21 08:49:54'),
(3, 'image-002.jpg', '1', 1, '2021-07-21 08:49:54', '2021-07-21 08:49:54'),
(4, 'image-003.jpg', '3', 1, '2021-07-21 08:49:55', '2021-07-21 08:49:55'),
(5, 'image-004.jpg', '1', 1, '2021-07-21 08:49:55', '2021-07-21 08:49:55'),
(6, 'image-005.jpg', '1', 1, '2021-07-21 08:49:55', '2021-07-21 08:49:55'),
(7, 'image-006.jpg', '4', 1, '2021-07-21 08:49:55', '2021-07-21 08:49:55'),
(8, 'image-007.jpg', '2', 1, '2021-07-21 08:49:55', '2021-07-21 08:49:55'),
(9, 'image-008.jpg', '1', 1, '2021-07-21 08:49:55', '2021-07-21 08:49:55'),
(10, 'image-009.jpg', '3', 1, '2021-07-21 08:49:55', '2021-07-21 08:49:55'),
(11, 'image-010.jpg', '3', 1, '2021-07-21 08:49:55', '2021-07-21 08:49:55'),
(12, 'image-011.jpg', '3', 1, '2021-07-21 08:49:55', '2021-07-21 08:49:55'),
(13, 'image-012.jpg', '2', 1, '2021-07-21 08:49:55', '2021-07-21 08:49:55'),
(14, 'image-013.jpg', '2', 1, '2021-07-21 08:49:55', '2021-07-21 08:49:55'),
(15, 'image-014.jpg', '2', 1, '2021-07-21 08:49:55', '2021-07-21 08:49:55'),
(16, 'image-015.jpg', '4', 1, '2021-07-21 08:49:55', '2021-07-21 08:49:55'),
(17, 'image-016.jpg', '3', 8, '2021-07-21 08:49:55', '2021-07-21 08:49:55'),
(18, 'image-017.jpg', '2', 8, '2021-07-21 08:49:55', '2021-07-21 08:49:55'),
(19, 'image-018.jpg', '3', 8, '2021-07-21 08:49:55', '2021-07-21 08:49:55'),
(20, 'image-019.jpg', '1', 8, '2021-07-21 08:49:55', '2021-07-21 08:49:55'),
(21, 'image-020.jpg', '1', 8, '2021-07-21 08:49:55', '2021-07-21 08:49:55'),
(22, 'image-021.jpg', '1', 8, '2021-07-21 08:49:55', '2021-07-21 08:49:55'),
(23, 'image-022.jpg', '2', 8, '2021-07-21 08:49:55', '2021-07-21 08:49:55'),
(24, 'image-023.jpg', '1', 8, '2021-07-21 08:49:55', '2021-07-21 08:49:55'),
(25, 'image-024.jpg', '2', 8, '2021-07-21 08:49:55', '2021-07-21 08:49:55'),
(26, 'image-025.jpg', '3', 8, '2021-07-21 08:49:55', '2021-07-21 08:49:55'),
(27, 'image-026.jpg', '3', 8, '2021-07-21 08:49:55', '2021-07-21 08:49:55'),
(28, 'image-027.jpg', '2', 8, '2021-07-21 08:49:55', '2021-07-21 08:49:55'),
(29, 'image-028.jpg', '1', 8, '2021-07-21 08:49:55', '2021-07-21 08:49:55'),
(30, 'image-029.jpg', '3', 8, '2021-07-21 08:49:55', '2021-07-21 08:49:55'),
(31, 'image-030.jpg', '2', 1, '2021-07-21 08:49:55', '2021-07-21 08:49:55'),
(32, 'image-031.jpg', '4', 1, '2021-07-21 08:49:55', '2021-07-21 08:49:55'),
(33, 'image-032.jpg', '2', 8, '2021-07-21 08:49:55', '2021-07-21 08:49:55'),
(34, 'image-033.jpg', '2', 1, '2021-07-21 08:49:55', '2021-07-21 08:49:55'),
(35, 'image-034.jpg', '3', 8, '2021-07-21 08:49:55', '2021-07-21 08:49:55'),
(36, 'image-035.jpg', '1', 8, '2021-07-21 08:49:55', '2021-07-21 08:49:55'),
(37, 'image-036.jpg', '2', 8, '2021-07-21 08:49:55', '2021-07-21 08:49:55'),
(38, 'image-037.jpg', '4', 1, '2021-07-21 08:49:55', '2021-07-21 08:49:55'),
(39, 'image-038.jpg', '1', 1, '2021-07-21 08:49:55', '2021-07-21 08:49:55'),
(40, 'image-039.jpg', '1', 8, '2021-07-21 08:49:55', '2021-07-21 08:49:55'),
(41, 'image-040.jpg', '1', 1, '2021-07-21 08:49:55', '2021-07-21 08:49:55'),
(42, 'image-041.jpg', '4', 1, '2021-07-21 08:49:55', '2021-07-21 08:49:55'),
(43, 'image-042.jpg', '2', 8, '2021-07-21 08:49:55', '2021-07-21 08:49:55'),
(44, 'image-043.jpg', '4', 1, '2021-07-21 08:49:55', '2021-07-21 08:49:55'),
(45, 'image-044.jpg', '4', 8, '2021-07-21 08:49:55', '2021-07-21 08:49:55'),
(46, 'image-045.jpg', '3', 8, '2021-07-21 08:49:55', '2021-07-21 08:49:55'),
(47, 'image-046.jpg', '1', 8, '2021-07-21 08:49:55', '2021-07-21 08:49:55'),
(48, 'image-047.jpg', '2', 8, '2021-07-21 08:49:55', '2021-07-21 08:49:55'),
(49, 'image-048.jpg', '4', 8, '2021-07-21 08:49:55', '2021-07-21 08:49:55'),
(50, 'image-049.jpg', '3', 8, '2021-07-21 08:49:55', '2021-07-21 08:49:55'),
(51, 'image-050.jpg', '2', 8, '2021-07-21 08:49:55', '2021-07-21 08:49:55'),
(52, 'image-051.jpg', '3', 8, '2021-07-21 08:49:55', '2021-07-21 08:49:55'),
(53, 'image-052.jpg', '1', 8, '2021-07-21 08:49:55', '2021-07-21 08:49:55'),
(54, 'image-053.jpg', '2', 1, '2021-07-21 08:49:55', '2021-07-21 08:49:55'),
(55, 'image-054.jpg', '2', 1, '2021-07-21 08:49:55', '2021-07-21 08:49:55'),
(56, 'image-055.jpg', '3', 1, '2021-07-21 08:49:55', '2021-07-21 08:49:55'),
(57, 'image-056.jpg', '1', 1, '2021-07-21 08:49:55', '2021-07-21 08:49:55'),
(58, 'image-057.jpg', '2', 1, '2021-07-21 08:49:55', '2021-07-21 08:49:55'),
(59, 'image-058.jpg', '2', 1, '2021-07-21 08:49:55', '2021-07-21 08:49:55'),
(60, 'image-059.jpg', '2', 1, '2021-07-21 08:49:55', '2021-07-21 08:49:55'),
(61, 'image-060.jpg', '3', 1, '2021-07-21 08:49:55', '2021-07-21 08:49:55'),
(62, 'image-061.jpg', '2', 1, '2021-07-21 08:49:55', '2021-07-21 08:49:55'),
(63, 'image-062.jpg', '1', 1, '2021-07-21 08:49:55', '2021-07-21 08:49:55'),
(64, 'image-063.jpg', '1', 1, '2021-07-21 08:49:55', '2021-07-21 08:49:55'),
(65, 'image-064.jpg', '2', 1, '2021-07-21 08:49:55', '2021-07-21 08:49:55'),
(66, 'image-065.jpg', '2', 1, '2021-07-21 08:49:55', '2021-07-21 08:49:55'),
(67, 'image-066.jpg', '3', 1, '2021-07-21 08:49:55', '2021-07-21 08:49:55'),
(68, 'image-067.jpg', '1', 1, '2021-07-21 08:49:55', '2021-07-21 08:49:55'),
(69, 'image-068.jpg', '2', 1, '2021-07-21 08:49:55', '2021-07-21 08:49:55'),
(70, 'image-069.jpg', '2', 1, '2021-07-21 08:49:55', '2021-07-21 08:49:55'),
(71, 'image-070.jpg', '1', 1, '2021-07-21 08:49:55', '2021-07-21 08:49:55'),
(72, 'image-071.jpg', '2', 1, '2021-07-21 08:49:55', '2021-07-21 08:49:55'),
(73, 'image-072.jpg', '2', 1, '2021-07-21 08:49:55', '2021-07-21 08:49:55'),
(74, 'image-073.jpg', '3', 1, '2021-07-21 08:49:55', '2021-07-21 08:49:55'),
(75, 'image-074.jpg', '4', 1, '2021-07-21 08:49:55', '2021-07-21 08:49:55'),
(76, 'image-075.jpg', '4', 1, '2021-07-21 08:49:55', '2021-07-21 08:49:55'),
(77, 'image-076.jpg', '1', 1, '2021-07-21 08:49:55', '2021-07-21 08:49:55'),
(78, 'image-077.jpg', '3', 1, '2021-07-21 08:49:55', '2021-07-21 08:49:55'),
(79, 'image-078.jpg', '3', 1, '2021-07-21 08:49:55', '2021-07-21 08:49:55'),
(80, 'image-079.jpg', '3', 1, '2021-07-21 08:49:55', '2021-07-21 08:49:55'),
(81, 'image-080.jpg', '3', 1, '2021-07-21 08:49:55', '2021-07-21 08:49:55'),
(82, 'image-081.jpg', '4', 1, '2021-07-21 08:49:55', '2021-07-21 08:49:55'),
(83, 'image-082.jpg', '3', 1, '2021-07-21 08:49:55', '2021-07-21 08:49:55'),
(84, 'image-083.jpg', '1', 8, '2021-07-21 08:49:55', '2021-07-21 08:49:55'),
(85, 'image-084.jpg', '2', 1, '2021-07-21 08:49:55', '2021-07-21 08:49:55'),
(86, 'image-085.jpg', '2', 1, '2021-07-21 08:49:55', '2021-07-21 08:49:55'),
(87, 'image-086.jpg', '2', 1, '2021-07-21 08:49:55', '2021-07-21 08:49:55'),
(88, 'image-087.jpg', '4', 1, '2021-07-21 08:49:55', '2021-07-21 08:49:55'),
(89, 'image-088.jpg', '2', 1, '2021-07-21 08:49:55', '2021-07-21 08:49:55'),
(90, 'image-089.jpg', '1', 1, '2021-07-21 08:49:55', '2021-07-21 08:49:55'),
(91, 'image-090.jpg', '1', 8, '2021-07-21 08:49:55', '2021-07-21 08:49:55'),
(92, 'image-091.jpg', '2', 1, '2021-07-21 08:49:55', '2021-07-21 08:49:55'),
(93, 'image-092.jpg', '3', 1, '2021-07-21 08:49:55', '2021-07-21 08:49:55'),
(94, 'image-093.jpg', '3', 1, '2021-07-21 08:49:55', '2021-07-21 08:49:55'),
(95, 'image-094.jpg', '4', 1, '2021-07-21 08:49:55', '2021-07-21 08:49:55'),
(96, 'image-095.jpg', '2', 1, '2021-07-21 08:49:55', '2021-07-21 08:49:55'),
(97, 'image-096.jpg', '3', 1, '2021-07-21 08:49:55', '2021-07-21 08:49:55'),
(98, 'image-097.jpg', '1', 1, '2021-07-21 08:49:55', '2021-07-21 08:49:55'),
(99, 'image-098.jpg', '3', 8, '2021-07-21 08:49:55', '2021-07-21 08:49:55'),
(100, 'image-099.jpg', '1', 1, '2021-07-21 08:49:55', '2021-07-21 08:49:55'),
(101, 'image-100.jpg', '1', 8, '2021-07-21 08:49:55', '2021-07-21 08:49:55'),
(102, 'image-101.jpg', '2', 1, '2021-07-21 08:49:55', '2021-07-21 08:49:55'),
(103, 'image-102.jpg', '1', 1, '2021-07-21 08:49:55', '2021-07-21 08:49:55'),
(104, 'image-103.jpg', '1', 1, '2021-07-21 08:49:55', '2021-07-21 08:49:55'),
(105, 'image-104.jpg', '1', 1, '2021-07-21 08:49:55', '2021-07-21 08:49:55'),
(106, 'image-105.jpg', '3', 1, '2021-07-21 08:49:55', '2021-07-21 08:49:55'),
(107, 'image-106.jpg', '1', 1, '2021-07-21 08:49:55', '2021-07-21 08:49:55'),
(108, 'image-107.jpg', '1', 1, '2021-07-21 08:49:55', '2021-07-21 08:49:55'),
(109, 'image-108.jpg', '1', 8, '2021-07-21 08:49:55', '2021-07-21 08:49:55'),
(110, 'image-109.jpg', '3', 1, '2021-07-21 08:49:55', '2021-07-21 08:49:55'),
(111, 'image-110.jpg', '1', 1, '2021-07-21 08:49:55', '2021-07-21 08:49:55'),
(112, 'image-111.jpg', '2', 8, '2021-07-21 08:49:55', '2021-07-21 08:49:55'),
(113, 'image-112.jpg', '4', 1, '2021-07-21 08:49:55', '2021-07-21 08:49:55'),
(114, 'image-113.jpg', '2', 8, '2021-07-21 08:49:55', '2021-07-21 08:49:55'),
(115, 'image-114.jpg', '1', 1, '2021-07-21 08:49:55', '2021-07-21 08:49:55'),
(116, 'image-115.jpg', '2', 1, '2021-07-21 08:49:55', '2021-07-21 08:49:55'),
(117, 'image-116.jpg', '4', 1, '2021-07-21 08:49:55', '2021-07-21 08:49:55'),
(118, 'image-117.jpg', '2', 8, '2021-07-21 08:49:55', '2021-07-21 08:49:55'),
(119, 'image-118.jpg', '3', 8, '2021-07-21 08:49:55', '2021-07-21 08:49:55'),
(120, 'image-119.jpg', '1', 1, '2021-07-21 08:49:55', '2021-07-21 08:49:55'),
(121, 'image-120.jpg', '1', 1, '2021-07-21 08:49:55', '2021-07-21 08:49:55'),
(122, 'image-121.jpg', '1', 1, '2021-07-21 08:49:55', '2021-07-21 08:49:55'),
(123, 'image-122.jpg', '2', 1, '2021-07-21 08:49:55', '2021-07-21 08:49:55'),
(124, 'image-123.jpg', '2', 1, '2021-07-21 08:49:55', '2021-07-21 08:49:55'),
(125, 'image-124.jpg', '1', 1, '2021-07-21 08:49:55', '2021-07-21 08:49:55'),
(126, 'image-125.jpg', '2', 1, '2021-07-21 08:49:55', '2021-07-21 08:49:55'),
(127, 'image-126.jpg', '1', 1, '2021-07-21 08:49:55', '2021-07-21 08:49:55'),
(128, 'image-127.jpg', '1', 1, '2021-07-21 08:49:55', '2021-07-21 08:49:55'),
(129, 'image-128.jpg', '2', 1, '2021-07-21 08:49:55', '2021-07-21 08:49:55'),
(130, 'image-129.jpg', '2', 1, '2021-07-21 08:49:55', '2021-07-21 08:49:55'),
(131, 'image-130.jpg', '1', 1, '2021-07-21 08:49:55', '2021-07-21 08:49:55'),
(132, 'image-131.jpg', '1', 1, '2021-07-21 08:49:55', '2021-07-21 08:49:55'),
(133, 'image-132.jpg', '3', 1, '2021-07-21 08:49:55', '2021-07-21 08:49:55'),
(134, 'image-133.jpg', '2', 1, '2021-07-21 08:49:55', '2021-07-21 08:49:55'),
(135, 'image-134.jpg', '3', 1, '2021-07-21 08:49:55', '2021-07-21 08:49:55'),
(136, 'image-135.jpg', '3', 1, '2021-07-21 08:49:55', '2021-07-21 08:49:55'),
(137, 'image-136.jpg', '2', 1, '2021-07-21 08:49:55', '2021-07-21 08:49:55'),
(138, 'image-137.jpg', '3', 1, '2021-07-21 08:49:55', '2021-07-21 08:49:55'),
(139, 'image-138.jpg', '3', 1, '2021-07-21 08:49:55', '2021-07-21 08:49:55'),
(140, 'image-139.jpg', '3', 1, '2021-07-21 08:49:55', '2021-07-21 08:49:55'),
(141, 'image-140.jpg', '1', 1, '2021-07-21 08:49:55', '2021-07-21 08:49:55'),
(142, 'image-141.jpg', '3', 1, '2021-07-21 08:49:55', '2021-07-21 08:49:55'),
(143, 'image-142.jpg', '3', 8, '2021-07-21 08:49:55', '2021-07-21 08:49:55'),
(144, 'image-143.jpg', '4', 1, '2021-07-21 08:49:55', '2021-07-21 08:49:55'),
(145, 'image-144.jpg', '1', 8, '2021-07-21 08:49:55', '2021-07-21 08:49:55'),
(146, 'image-145.jpg', '3', 1, '2021-07-21 08:49:55', '2021-07-21 08:49:55'),
(147, 'image-146.jpg', '3', 8, '2021-07-21 08:49:55', '2021-07-21 08:49:55'),
(148, 'image-147.jpg', '2', 1, '2021-07-21 08:49:55', '2021-07-21 08:49:55'),
(149, 'image-148.jpg', '3', 1, '2021-07-21 08:49:55', '2021-07-21 08:49:55'),
(150, 'image-149.jpg', '4', 8, '2021-07-21 08:49:55', '2021-07-21 08:49:55'),
(151, 'image-150.jpg', '1', 1, '2021-07-21 08:49:55', '2021-07-21 08:49:55'),
(152, 'image-151.jpg', '2', 8, '2021-07-21 08:49:55', '2021-07-21 08:49:55'),
(153, 'image-152.jpg', '3', 8, '2021-07-21 08:49:55', '2021-07-21 08:49:55'),
(154, 'image-153.jpg', '3', 1, '2021-07-21 08:49:55', '2021-07-21 08:49:55'),
(155, 'image-154.jpg', '3', 1, '2021-07-21 08:49:55', '2021-07-21 08:49:55'),
(156, 'image-155.jpg', '1', 1, '2021-07-21 08:49:55', '2021-07-21 08:49:55'),
(157, 'image-156.jpg', '1', 1, '2021-07-21 08:49:55', '2021-07-21 08:49:55'),
(158, 'image-157.jpg', '4', 1, '2021-07-21 08:49:55', '2021-07-21 08:49:55'),
(159, 'image-158.jpg', '3', 1, '2021-07-21 08:49:55', '2021-07-21 08:49:55'),
(160, 'image-159.jpg', '2', 8, '2021-07-21 08:49:55', '2021-07-21 08:49:55'),
(161, 'image-160.jpg', '3', 1, '2021-07-21 08:49:55', '2021-07-21 08:49:55'),
(162, 'image-161.jpg', '1', 1, '2021-07-21 08:49:55', '2021-07-21 08:49:55'),
(163, 'image-162.jpg', '4', 1, '2021-07-21 08:49:55', '2021-07-21 08:49:55'),
(164, 'image-163.jpg', '2', 1, '2021-07-21 08:49:55', '2021-07-21 08:49:55'),
(165, 'image-164.jpg', '4', 1, '2021-07-21 08:49:55', '2021-07-21 08:49:55'),
(166, 'image-165.jpg', '2', 1, '2021-07-21 08:49:55', '2021-07-21 08:49:55'),
(167, 'image-166.jpg', '1', 2, '2021-07-21 08:49:55', '2021-07-21 08:49:55'),
(168, 'image-167.jpg', '3', 2, '2021-07-21 08:49:55', '2021-07-21 08:49:55'),
(169, 'image-168.jpg', '3', 2, '2021-07-21 08:49:55', '2021-07-21 08:49:55'),
(170, 'image-169.jpg', '1', 2, '2021-07-21 08:49:55', '2021-07-21 08:49:55'),
(171, 'image-170.jpg', '2', 2, '2021-07-21 08:49:55', '2021-07-21 08:49:55'),
(172, 'image-171.jpg', '4', 2, '2021-07-21 08:49:55', '2021-07-21 08:49:55'),
(173, 'image-172.jpg', '4', 2, '2021-07-21 08:49:55', '2021-07-21 08:49:55'),
(174, 'image-173.jpg', '2', 2, '2021-07-21 08:49:55', '2021-07-21 08:49:55'),
(175, 'image-174.jpg', '1', 2, '2021-07-21 08:49:55', '2021-07-21 08:49:55'),
(176, 'image-175.jpg', '1', 2, '2021-07-21 08:49:55', '2021-07-21 08:49:55'),
(177, 'image-176.jpg', '1', 2, '2021-07-21 08:49:55', '2021-07-21 08:49:55'),
(178, 'image-177.jpg', '2', 2, '2021-07-21 08:49:55', '2021-07-21 08:49:55'),
(179, 'image-178.jpg', '1', 2, '2021-07-21 08:49:55', '2021-07-21 08:49:55'),
(180, 'image-179.jpg', '1', 2, '2021-07-21 08:49:55', '2021-07-21 08:49:55'),
(181, 'image-180.jpg', '1', 2, '2021-07-21 08:49:55', '2021-07-21 08:49:55'),
(182, 'image-181.jpg', '3', 2, '2021-07-21 08:49:55', '2021-07-21 08:49:55'),
(183, 'image-182.jpg', '3', 2, '2021-07-21 08:49:55', '2021-07-21 08:49:55'),
(184, 'image-183.jpg', '3', 2, '2021-07-21 08:49:55', '2021-07-21 08:49:55'),
(185, 'image-184.jpg', '1', 2, '2021-07-21 08:49:55', '2021-07-21 08:49:55'),
(186, 'image-185.jpg', '1', 2, '2021-07-21 08:49:55', '2021-07-21 08:49:55'),
(187, 'image-186.jpg', '3', 2, '2021-07-21 08:49:55', '2021-07-21 08:49:55'),
(188, 'image-187.jpg', '2', 2, '2021-07-21 08:49:55', '2021-07-21 08:49:55'),
(189, 'image-188.jpg', '1', 2, '2021-07-21 08:49:55', '2021-07-21 08:49:55'),
(190, 'image-189.jpg', '1', 2, '2021-07-21 08:49:55', '2021-07-21 08:49:55'),
(191, 'image-190.jpg', '3', 2, '2021-07-21 08:49:55', '2021-07-21 08:49:55'),
(192, 'image-191.jpg', '2', 2, '2021-07-21 08:49:55', '2021-07-21 08:49:55'),
(193, 'image-192.jpg', '3', 3, '2021-07-21 08:49:55', '2021-07-21 08:49:55'),
(194, 'image-193.jpg', '1', 3, '2021-07-21 08:49:55', '2021-07-21 08:49:55'),
(195, 'image-194.jpg', '3', 3, '2021-07-21 08:49:55', '2021-07-21 08:49:55'),
(196, 'image-195.jpg', '4', 3, '2021-07-21 08:49:55', '2021-07-21 08:49:55'),
(197, 'image-196.jpg', '3', 3, '2021-07-21 08:49:55', '2021-07-21 08:49:55'),
(198, 'image-197.jpg', '2', 3, '2021-07-21 08:49:55', '2021-07-21 08:49:55'),
(199, 'image-198.jpg', '2', 8, '2021-07-21 08:49:55', '2021-07-21 08:49:55'),
(200, 'image-199.jpg', '2', 3, '2021-07-21 08:49:55', '2021-07-21 08:49:55'),
(201, 'image-200.jpg', '3', 3, '2021-07-21 08:49:55', '2021-07-21 08:49:55'),
(202, 'image-201.jpg', '2', 3, '2021-07-21 08:49:55', '2021-07-21 08:49:55'),
(203, 'image-202.jpg', '1', 3, '2021-07-21 08:49:55', '2021-07-21 08:49:55'),
(204, 'image-203.jpg', '1', 3, '2021-07-21 08:49:55', '2021-07-21 08:49:55'),
(205, 'image-204.jpg', '3', 3, '2021-07-21 08:49:55', '2021-07-21 08:49:55'),
(206, 'image-205.jpg', '1', 3, '2021-07-21 08:49:55', '2021-07-21 08:49:55'),
(207, 'image-206.jpg', '1', 3, '2021-07-21 08:49:55', '2021-07-21 08:49:55'),
(208, 'image-207.jpg', '3', 3, '2021-07-21 08:49:55', '2021-07-21 08:49:55'),
(209, 'image-208.jpg', '3', 3, '2021-07-21 08:49:55', '2021-07-21 08:49:55'),
(210, 'image-209.jpg', '3', 8, '2021-07-21 08:49:55', '2021-07-21 08:49:55'),
(211, 'image-210.jpg', '1', 8, '2021-07-21 08:49:55', '2021-07-21 08:49:55'),
(212, 'image-211.jpg', '3', 8, '2021-07-21 08:49:55', '2021-07-21 08:49:55'),
(213, 'image-212.jpg', '4', 3, '2021-07-21 08:49:55', '2021-07-21 08:49:55'),
(214, 'image-213.jpg', '1', 8, '2021-07-21 08:49:55', '2021-07-21 08:49:55'),
(215, 'image-214.jpg', '1', 4, '2021-07-21 08:49:55', '2021-07-21 08:49:55'),
(216, 'image-215.jpg', '2', 4, '2021-07-21 08:49:55', '2021-07-21 08:49:55'),
(217, 'image-216.jpg', '2', 4, '2021-07-21 08:49:55', '2021-07-21 08:49:55'),
(218, 'image-217.jpg', '1', 4, '2021-07-21 08:49:55', '2021-07-21 08:49:55'),
(219, 'image-218.jpg', '4', 4, '2021-07-21 08:49:55', '2021-07-21 08:49:55'),
(220, 'image-219.jpg', '2', 4, '2021-07-21 08:49:55', '2021-07-21 08:49:55'),
(221, 'image-220.jpg', '2', 8, '2021-07-21 08:49:55', '2021-07-21 08:49:55'),
(222, 'image-221.jpg', '1', 4, '2021-07-21 08:49:55', '2021-07-21 08:49:55'),
(223, 'image-222.jpg', '1', 4, '2021-07-21 08:49:55', '2021-07-21 08:49:55'),
(224, 'image-223.jpg', '2', 4, '2021-07-21 08:49:55', '2021-07-21 08:49:55'),
(225, 'image-224.jpg', '1', 4, '2021-07-21 08:49:55', '2021-07-21 08:49:55'),
(226, 'image-225.jpg', '3', 4, '2021-07-21 08:49:55', '2021-07-21 08:49:55'),
(227, 'image-226.jpg', '3', 8, '2021-07-21 08:49:55', '2021-07-21 08:49:55'),
(228, 'image-227.jpg', '4', 4, '2021-07-21 08:49:55', '2021-07-21 08:49:55'),
(229, 'image-228.jpg', '1', 4, '2021-07-21 08:49:55', '2021-07-21 08:49:55'),
(230, 'image-229.jpg', '2', 4, '2021-07-21 08:49:55', '2021-07-21 08:49:55'),
(231, 'image-230.jpg', '2', 8, '2021-07-21 08:49:55', '2021-07-21 08:49:55'),
(232, 'image-231.jpg', '3', 4, '2021-07-21 08:49:55', '2021-07-21 08:49:55'),
(233, 'image-232.jpg', '1', 4, '2021-07-21 08:49:55', '2021-07-21 08:49:55'),
(234, 'image-233.jpg', '2', 4, '2021-07-21 08:49:55', '2021-07-21 08:49:55'),
(235, 'image-234.jpg', '1', 4, '2021-07-21 08:49:55', '2021-07-21 08:49:55'),
(236, 'image-235.jpg', '4', 4, '2021-07-21 08:49:55', '2021-07-21 08:49:55'),
(237, 'image-236.jpg', '1', 4, '2021-07-21 08:49:55', '2021-07-21 08:49:55'),
(238, 'image-237.jpg', '3', 4, '2021-07-21 08:49:55', '2021-07-21 08:49:55'),
(239, 'image-238.jpg', '4', 4, '2021-07-21 08:49:55', '2021-07-21 08:49:55'),
(240, 'image-239.jpg', '2', 4, '2021-07-21 08:49:55', '2021-07-21 08:49:55'),
(241, 'image-240.jpg', '3', 4, '2021-07-21 08:49:55', '2021-07-21 08:49:55'),
(242, 'image-241.jpg', '1', 8, '2021-07-21 08:49:55', '2021-07-21 08:49:55'),
(243, 'image-242.jpg', '1', 4, '2021-07-21 08:49:55', '2021-07-21 08:49:55'),
(244, 'image-243.jpg', '2', 4, '2021-07-21 08:49:55', '2021-07-21 08:49:55'),
(245, 'image-244.jpg', '1', 8, '2021-07-21 08:49:55', '2021-07-21 08:49:55'),
(246, 'image-245.jpg', '1', 4, '2021-07-21 08:49:55', '2021-07-21 08:49:55'),
(247, 'image-246.jpg', '1', 4, '2021-07-21 08:49:55', '2021-07-21 08:49:55'),
(248, 'image-247.jpg', '2', 8, '2021-07-21 08:49:55', '2021-07-21 08:49:55'),
(249, 'image-248.jpg', '1', 4, '2021-07-21 08:49:55', '2021-07-21 08:49:55'),
(250, 'image-249.jpg', '3', 4, '2021-07-21 08:49:55', '2021-07-21 08:49:55'),
(251, 'image-250.jpg', '1', 4, '2021-07-21 08:49:55', '2021-07-21 08:49:55'),
(252, 'image-251.jpg', '1', 4, '2021-07-21 08:49:55', '2021-07-21 08:49:55'),
(253, 'image-252.jpg', '1', 4, '2021-07-21 08:49:55', '2021-07-21 08:49:55'),
(254, 'image-253.jpg', '1', 4, '2021-07-21 08:49:55', '2021-07-21 08:49:55'),
(255, 'image-254.jpg', '3', 4, '2021-07-21 08:49:55', '2021-07-21 08:49:55'),
(256, 'image-255.jpg', '1', 4, '2021-07-21 08:49:55', '2021-07-21 08:49:55'),
(257, 'image-256.jpg', '1', 4, '2021-07-21 08:49:55', '2021-07-21 08:49:55'),
(258, 'image-257.jpg', '1', 8, '2021-07-21 08:49:55', '2021-07-21 08:49:55'),
(259, 'image-258.jpg', '4', 4, '2021-07-21 08:49:55', '2021-07-21 08:49:55'),
(260, 'image-259.jpg', '1', 8, '2021-07-21 08:49:55', '2021-07-21 08:49:55'),
(261, 'image-260.jpg', '1', 8, '2021-07-21 08:49:55', '2021-07-21 08:49:55'),
(262, 'image-261.jpg', '2', 8, '2021-07-21 08:49:55', '2021-07-21 08:49:55'),
(263, 'image-262.jpg', '3', 4, '2021-07-21 08:49:55', '2021-07-21 08:49:55'),
(264, 'image-263.jpg', '1', 4, '2021-07-21 08:49:55', '2021-07-21 08:49:55'),
(265, 'image-264.jpg', '4', 4, '2021-07-21 08:49:55', '2021-07-21 08:49:55'),
(266, 'image-265.jpg', '4', 4, '2021-07-21 08:49:55', '2021-07-21 08:49:55'),
(267, 'image-266.jpg', '3', 4, '2021-07-21 08:49:55', '2021-07-21 08:49:55'),
(268, 'image-267.jpg', '3', 4, '2021-07-21 08:49:55', '2021-07-21 08:49:55'),
(269, 'image-268.jpg', '1', 4, '2021-07-21 08:49:55', '2021-07-21 08:49:55'),
(270, 'image-269.jpg', '2', 5, '2021-07-21 08:49:55', '2021-07-21 08:49:55'),
(271, 'image-270.jpg', '3', 5, '2021-07-21 08:49:55', '2021-07-21 08:49:55'),
(272, 'image-271.jpg', '2', 5, '2021-07-21 08:49:55', '2021-07-21 08:49:55'),
(273, 'image-272.jpg', '4', 5, '2021-07-21 08:49:55', '2021-07-21 08:49:55'),
(274, 'image-273.jpg', '1', 5, '2021-07-21 08:49:55', '2021-07-21 08:49:55'),
(275, 'image-274.jpg', '3', 5, '2021-07-21 08:49:55', '2021-07-21 08:49:55'),
(276, 'image-275.jpg', '1', 5, '2021-07-21 08:49:55', '2021-07-21 08:49:55'),
(277, 'image-276.jpg', '3', 5, '2021-07-21 08:49:55', '2021-07-21 08:49:55'),
(278, 'image-277.jpg', '1', 5, '2021-07-21 08:49:55', '2021-07-21 08:49:55'),
(279, 'image-278.jpg', '3', 5, '2021-07-21 08:49:55', '2021-07-21 08:49:55'),
(280, 'image-279.jpg', '1', 5, '2021-07-21 08:49:55', '2021-07-21 08:49:55'),
(281, 'image-280.jpg', '2', 5, '2021-07-21 08:49:55', '2021-07-21 08:49:55'),
(282, 'image-281.jpg', '1', 5, '2021-07-21 08:49:55', '2021-07-21 08:49:55'),
(283, 'image-282.jpg', '3', 5, '2021-07-21 08:49:55', '2021-07-21 08:49:55'),
(284, 'image-283.jpg', '2', 5, '2021-07-21 08:49:55', '2021-07-21 08:49:55'),
(285, 'image-284.jpg', '1', 5, '2021-07-21 08:49:55', '2021-07-21 08:49:55'),
(286, 'image-285.jpg', '1', 5, '2021-07-21 08:49:55', '2021-07-21 08:49:55'),
(287, 'image-286.jpg', '2', 5, '2021-07-21 08:49:55', '2021-07-21 08:49:55'),
(288, 'image-287.jpg', '3', 5, '2021-07-21 08:49:55', '2021-07-21 08:49:55'),
(289, 'image-288.jpg', '3', 5, '2021-07-21 08:49:55', '2021-07-21 08:49:55'),
(290, 'image-289.jpg', '1', 5, '2021-07-21 08:49:55', '2021-07-21 08:49:55'),
(291, 'image-290.jpg', '3', 5, '2021-07-21 08:49:55', '2021-07-21 08:49:55'),
(292, 'image-291.jpg', '1', 5, '2021-07-21 08:49:55', '2021-07-21 08:49:55'),
(293, 'image-292.jpg', '4', 5, '2021-07-21 08:49:55', '2021-07-21 08:49:55'),
(294, 'image-293.jpg', '2', 5, '2021-07-21 08:49:55', '2021-07-21 08:49:55'),
(295, 'image-294.jpg', '1', 5, '2021-07-21 08:49:55', '2021-07-21 08:49:55'),
(296, 'image-295.jpg', '1', 5, '2021-07-21 08:49:55', '2021-07-21 08:49:55'),
(297, 'image-296.jpg', '4', 5, '2021-07-21 08:49:55', '2021-07-21 08:49:55'),
(298, 'image-297.jpg', '1', 5, '2021-07-21 08:49:55', '2021-07-21 08:49:55'),
(299, 'image-298.jpg', '2', 5, '2021-07-21 08:49:55', '2021-07-21 08:49:55'),
(300, 'image-299.jpg', '4', 5, '2021-07-21 08:49:55', '2021-07-21 08:49:55'),
(301, 'image-300.jpg', '4', 5, '2021-07-21 08:49:55', '2021-07-21 08:49:55'),
(302, 'image-301.jpg', '1', 5, '2021-07-21 08:49:55', '2021-07-21 08:49:55'),
(303, 'image-302.jpg', '3', 5, '2021-07-21 08:49:55', '2021-07-21 08:49:55'),
(304, 'image-303.jpg', '2', 5, '2021-07-21 08:49:55', '2021-07-21 08:49:55'),
(305, 'image-304.jpg', '1', 6, '2021-07-21 08:49:55', '2021-07-21 08:49:55'),
(306, 'image-305.jpg', '4', 6, '2021-07-21 08:49:55', '2021-07-21 08:49:55'),
(307, 'image-306.jpg', '2', 6, '2021-07-21 08:49:55', '2021-07-21 08:49:55'),
(308, 'image-307.jpg', '1', 6, '2021-07-21 08:49:55', '2021-07-21 08:49:55'),
(309, 'image-308.jpg', '3', 6, '2021-07-21 08:49:55', '2021-07-21 08:49:55'),
(310, 'image-309.jpg', '1', 6, '2021-07-21 08:49:55', '2021-07-21 08:49:55'),
(311, 'image-310.jpg', '3', 6, '2021-07-21 08:49:55', '2021-07-21 08:49:55'),
(312, 'image-311.jpg', '3', 6, '2021-07-21 08:49:55', '2021-07-21 08:49:55'),
(313, 'image-312.jpg', '2', 6, '2021-07-21 08:49:55', '2021-07-21 08:49:55'),
(314, 'image-313.jpg', '4', 6, '2021-07-21 08:49:55', '2021-07-21 08:49:55'),
(315, 'image-314.jpg', '3', 6, '2021-07-21 08:49:55', '2021-07-21 08:49:55'),
(316, 'image-315.jpg', '2', 6, '2021-07-21 08:49:55', '2021-07-21 08:49:55'),
(317, 'image-316.jpg', '2', 6, '2021-07-21 08:49:55', '2021-07-21 08:49:55'),
(318, 'image-317.jpg', '1', 6, '2021-07-21 08:49:55', '2021-07-21 08:49:55'),
(319, 'image-318.jpg', '2', 6, '2021-07-21 08:49:55', '2021-07-21 08:49:55'),
(320, 'image-319.jpg', '3', 6, '2021-07-21 08:49:55', '2021-07-21 08:49:55'),
(321, 'image-320.jpg', '1', 6, '2021-07-21 08:49:55', '2021-07-21 08:49:55'),
(322, 'image-321.jpg', '1', 6, '2021-07-21 08:49:55', '2021-07-21 08:49:55'),
(323, 'image-322.jpg', '1', 6, '2021-07-21 08:49:55', '2021-07-21 08:49:55'),
(324, 'image-323.jpg', '3', 6, '2021-07-21 08:49:55', '2021-07-21 08:49:55'),
(325, 'image-324.jpg', '2', 6, '2021-07-21 08:49:55', '2021-07-21 08:49:55'),
(326, 'image-325.jpg', '2', 6, '2021-07-21 08:49:55', '2021-07-21 08:49:55'),
(327, 'image-326.jpg', '3', 6, '2021-07-21 08:49:55', '2021-07-21 08:49:55'),
(328, 'image-327.jpg', '1', 6, '2021-07-21 08:49:55', '2021-07-21 08:49:55'),
(329, 'image-328.jpg', '2', 6, '2021-07-21 08:49:55', '2021-07-21 08:49:55'),
(330, 'image-329.jpg', '3', 6, '2021-07-21 08:49:55', '2021-07-21 08:49:55'),
(331, 'image-330.jpg', '2', 6, '2021-07-21 08:49:55', '2021-07-21 08:49:55'),
(332, 'image-331.jpg', '1', 6, '2021-07-21 08:49:55', '2021-07-21 08:49:55'),
(333, 'image-332.jpg', '2', 6, '2021-07-21 08:49:55', '2021-07-21 08:49:55'),
(334, 'image-333.jpg', '1', 6, '2021-07-21 08:49:55', '2021-07-21 08:49:55'),
(335, 'image-334.jpg', '3', 6, '2021-07-21 08:49:55', '2021-07-21 08:49:55'),
(336, 'image-335.jpg', '4', 6, '2021-07-21 08:49:55', '2021-07-21 08:49:55'),
(337, 'image-336.jpg', '3', 6, '2021-07-21 08:49:55', '2021-07-21 08:49:55'),
(338, 'image-337.jpg', '3', 6, '2021-07-21 08:49:55', '2021-07-21 08:49:55'),
(339, 'image-338.jpg', '1', 6, '2021-07-21 08:49:55', '2021-07-21 08:49:55'),
(340, 'image-339.jpg', '2', 6, '2021-07-21 08:49:55', '2021-07-21 08:49:55'),
(341, 'image-340.jpg', '1', 6, '2021-07-21 08:49:55', '2021-07-21 08:49:55'),
(342, 'image-341.jpg', '2', 6, '2021-07-21 08:49:55', '2021-07-21 08:49:55'),
(343, 'image-342.jpg', '1', 6, '2021-07-21 08:49:55', '2021-07-21 08:49:55'),
(344, 'image-343.jpg', '3', 6, '2021-07-21 08:49:55', '2021-07-21 08:49:55'),
(345, 'image-344.jpg', '1', 6, '2021-07-21 08:49:55', '2021-07-21 08:49:55'),
(346, 'image-345.jpg', '1', 6, '2021-07-21 08:49:55', '2021-07-21 08:49:55'),
(347, 'image-346.jpg', '3', 6, '2021-07-21 08:49:55', '2021-07-21 08:49:55'),
(348, 'image-347.jpg', '2', 6, '2021-07-21 08:49:55', '2021-07-21 08:49:55'),
(349, 'image-348.jpg', '1', 6, '2021-07-21 08:49:55', '2021-07-21 08:49:55'),
(350, 'image-349.jpg', '2', 6, '2021-07-21 08:49:55', '2021-07-21 08:49:55'),
(351, 'image-350.jpg', '2', 6, '2021-07-21 08:49:55', '2021-07-21 08:49:55'),
(352, 'image-351.jpg', '2', 6, '2021-07-21 08:49:55', '2021-07-21 08:49:55'),
(353, 'image-352.jpg', '2', 6, '2021-07-21 08:49:55', '2021-07-21 08:49:55'),
(354, 'image-353.jpg', '2', 6, '2021-07-21 08:49:55', '2021-07-21 08:49:55'),
(355, 'image-354.jpg', '1', 6, '2021-07-21 08:49:55', '2021-07-21 08:49:55'),
(356, 'image-355.jpg', '1', 6, '2021-07-21 08:49:55', '2021-07-21 08:49:55'),
(357, 'image-356.jpg', '2', 6, '2021-07-21 08:49:55', '2021-07-21 08:49:55'),
(358, 'image-357.jpg', '2', 6, '2021-07-21 08:49:55', '2021-07-21 08:49:55'),
(359, 'image-358.jpg', '1', 6, '2021-07-21 08:49:55', '2021-07-21 08:49:55'),
(360, 'image-359.jpg', '1', 6, '2021-07-21 08:49:55', '2021-07-21 08:49:55'),
(361, 'image-360.jpg', '1', 6, '2021-07-21 08:49:55', '2021-07-21 08:49:55'),
(362, 'image-361.jpg', '2', 6, '2021-07-21 08:49:55', '2021-07-21 08:49:55'),
(363, 'image-362.jpg', '2', 6, '2021-07-21 08:49:55', '2021-07-21 08:49:55'),
(364, 'image-363.jpg', '1', 6, '2021-07-21 08:49:55', '2021-07-21 08:49:55'),
(365, 'image-364.jpg', '1', 6, '2021-07-21 08:49:55', '2021-07-21 08:49:55'),
(366, 'image-365.jpg', '2', 6, '2021-07-21 08:49:55', '2021-07-21 08:49:55'),
(367, 'image-366.jpg', '2', 6, '2021-07-21 08:49:55', '2021-07-21 08:49:55'),
(368, 'image-367.jpg', '1', 6, '2021-07-21 08:49:55', '2021-07-21 08:49:55'),
(369, 'image-368.jpg', '2', 6, '2021-07-21 08:49:55', '2021-07-21 08:49:55'),
(370, 'image-369.jpg', '2', 6, '2021-07-21 08:49:55', '2021-07-21 08:49:55'),
(371, 'image-370.jpg', '1', 6, '2021-07-21 08:49:55', '2021-07-21 08:49:55'),
(372, 'image-371.jpg', '3', 6, '2021-07-21 08:49:55', '2021-07-21 08:49:55'),
(373, 'image-372.jpg', '1', 6, '2021-07-21 08:49:55', '2021-07-21 08:49:55'),
(374, 'image-373.jpg', '4', 6, '2021-07-21 08:49:55', '2021-07-21 08:49:55'),
(375, 'image-374.jpg', '1', 6, '2021-07-21 08:49:55', '2021-07-21 08:49:55'),
(376, 'image-375.jpg', '3', 6, '2021-07-21 08:49:55', '2021-07-21 08:49:55'),
(377, 'image-376.jpg', '2', 6, '2021-07-21 08:49:55', '2021-07-21 08:49:55'),
(378, 'image-377.jpg', '3', 6, '2021-07-21 08:49:55', '2021-07-21 08:49:55'),
(379, 'image-378.jpg', '1', 6, '2021-07-21 08:49:55', '2021-07-21 08:49:55'),
(380, 'image-379.jpg', '2', 6, '2021-07-21 08:49:55', '2021-07-21 08:49:55'),
(381, 'image-380.jpg', '1', 6, '2021-07-21 08:49:55', '2021-07-21 08:49:55'),
(382, 'image-381.jpg', '4', 6, '2021-07-21 08:49:55', '2021-07-21 08:49:55'),
(383, 'image-382.jpg', '3', 6, '2021-07-21 08:49:55', '2021-07-21 08:49:55'),
(384, 'image-383.jpg', '3', 6, '2021-07-21 08:49:55', '2021-07-21 08:49:55'),
(385, 'image-384.jpg', '2', 6, '2021-07-21 08:49:55', '2021-07-21 08:49:55'),
(386, 'image-385.jpg', '1', 6, '2021-07-21 08:49:55', '2021-07-21 08:49:55'),
(387, 'image-386.jpg', '2', 6, '2021-07-21 08:49:55', '2021-07-21 08:49:55'),
(388, 'image-387.jpg', '1', 6, '2021-07-21 08:49:55', '2021-07-21 08:49:55'),
(389, 'image-388.jpg', '3', 6, '2021-07-21 08:49:55', '2021-07-21 08:49:55'),
(390, 'image-389.jpg', '3', 6, '2021-07-21 08:49:55', '2021-07-21 08:49:55'),
(391, 'image-390.jpg', '1', 6, '2021-07-21 08:49:55', '2021-07-21 08:49:55'),
(392, 'image-391.jpg', '2', 6, '2021-07-21 08:49:55', '2021-07-21 08:49:55'),
(393, 'image-392.jpg', '1', 6, '2021-07-21 08:49:55', '2021-07-21 08:49:55'),
(394, 'image-393.jpg', '2', 6, '2021-07-21 08:49:55', '2021-07-21 08:49:55'),
(395, 'image-394.jpg', '3', 6, '2021-07-21 08:49:55', '2021-07-21 08:49:55'),
(396, 'image-395.jpg', '2', 6, '2021-07-21 08:49:55', '2021-07-21 08:49:55'),
(397, 'image-396.jpg', '3', 6, '2021-07-21 08:49:55', '2021-07-21 08:49:55'),
(398, 'image-397.jpg', '3', 6, '2021-07-21 08:49:55', '2021-07-21 08:49:55'),
(399, 'image-398.jpg', '1', 6, '2021-07-21 08:49:55', '2021-07-21 08:49:55'),
(400, 'image-399.jpg', '2', 6, '2021-07-21 08:49:55', '2021-07-21 08:49:55'),
(401, 'image-400.jpg', '2', 6, '2021-07-21 08:49:55', '2021-07-21 08:49:55'),
(402, 'image-401.jpg', '2', 6, '2021-07-21 08:49:55', '2021-07-21 08:49:55'),
(403, 'image-402.jpg', '2', 6, '2021-07-21 08:49:55', '2021-07-21 08:49:55'),
(404, 'image-403.jpg', '2', 6, '2021-07-21 08:49:55', '2021-07-21 08:49:55'),
(405, 'image-404.jpg', '2', 6, '2021-07-21 08:49:55', '2021-07-21 08:49:55'),
(406, 'image-405.jpg', '3', 6, '2021-07-21 08:49:55', '2021-07-21 08:49:55'),
(407, 'image-406.jpg', '1', 6, '2021-07-21 08:49:55', '2021-07-21 08:49:55'),
(408, 'image-407.jpg', '3', 6, '2021-07-21 08:49:55', '2021-07-21 08:49:55'),
(409, 'image-408.jpg', '2', 6, '2021-07-21 08:49:55', '2021-07-21 08:49:55'),
(410, 'image-409.jpg', '2', 6, '2021-07-21 08:49:55', '2021-07-21 08:49:55'),
(411, 'image-410.jpg', '2', 6, '2021-07-21 08:49:55', '2021-07-21 08:49:55'),
(412, 'image-411.jpg', '1', 6, '2021-07-21 08:49:55', '2021-07-21 08:49:55'),
(413, 'image-412.jpg', '2', 6, '2021-07-21 08:49:55', '2021-07-21 08:49:55'),
(414, 'image-413.jpg', '2', 6, '2021-07-21 08:49:55', '2021-07-21 08:49:55'),
(415, 'image-414.jpg', '2', 6, '2021-07-21 08:49:55', '2021-07-21 08:49:55'),
(416, 'image-415.jpg', '2', 6, '2021-07-21 08:49:55', '2021-07-21 08:49:55'),
(417, 'image-416.jpg', '2', 6, '2021-07-21 08:49:55', '2021-07-21 08:49:55'),
(418, 'image-417.jpg', '1', 6, '2021-07-21 08:49:55', '2021-07-21 08:49:55'),
(419, 'image-418.jpg', '1', 6, '2021-07-21 08:49:55', '2021-07-21 08:49:55'),
(420, 'image-419.jpg', '2', 6, '2021-07-21 08:49:55', '2021-07-21 08:49:55'),
(421, 'image-420.jpg', '1', 6, '2021-07-21 08:49:55', '2021-07-21 08:49:55'),
(422, 'image-421.jpg', '3', 6, '2021-07-21 08:49:55', '2021-07-21 08:49:55'),
(423, 'image-422.jpg', '1', 6, '2021-07-21 08:49:55', '2021-07-21 08:49:55'),
(424, 'image-423.jpg', '2', 6, '2021-07-21 08:49:55', '2021-07-21 08:49:55'),
(425, 'image-424.jpg', '3', 6, '2021-07-21 08:49:55', '2021-07-21 08:49:55'),
(426, 'image-425.jpg', '1', 6, '2021-07-21 08:49:55', '2021-07-21 08:49:55'),
(427, 'image-426.jpg', '2', 6, '2021-07-21 08:49:55', '2021-07-21 08:49:55'),
(428, 'image-427.jpg', '1', 6, '2021-07-21 08:49:55', '2021-07-21 08:49:55'),
(429, 'image-428.jpg', '2', 6, '2021-07-21 08:49:55', '2021-07-21 08:49:55'),
(430, 'image-429.jpg', '2', 6, '2021-07-21 08:49:55', '2021-07-21 08:49:55'),
(431, 'image-430.jpg', '3', 6, '2021-07-21 08:49:55', '2021-07-21 08:49:55'),
(432, 'image-431.jpg', '1', 6, '2021-07-21 08:49:55', '2021-07-21 08:49:55'),
(433, 'image-432.jpg', '2', 6, '2021-07-21 08:49:55', '2021-07-21 08:49:55'),
(434, 'image-433.jpg', '1', 6, '2021-07-21 08:49:55', '2021-07-21 08:49:55'),
(435, 'image-434.jpg', '2', 6, '2021-07-21 08:49:55', '2021-07-21 08:49:55'),
(436, 'image-435.jpg', '3', 6, '2021-07-21 08:49:55', '2021-07-21 08:49:55'),
(437, 'image-436.jpg', '1', 6, '2021-07-21 08:49:55', '2021-07-21 08:49:55'),
(438, 'image-437.jpg', '2', 6, '2021-07-21 08:49:55', '2021-07-21 08:49:55'),
(439, 'image-438.jpg', '1', 6, '2021-07-21 08:49:55', '2021-07-21 08:49:55'),
(440, 'image-439.jpg', '4', 6, '2021-07-21 08:49:55', '2021-07-21 08:49:55'),
(441, 'image-440.jpg', '3', 6, '2021-07-21 08:49:55', '2021-07-21 08:49:55'),
(442, 'image-441.jpg', '4', 6, '2021-07-21 08:49:55', '2021-07-21 08:49:55'),
(443, 'image-442.jpg', '2', 6, '2021-07-21 08:49:55', '2021-07-21 08:49:55'),
(444, 'image-443.jpg', '3', 6, '2021-07-21 08:49:55', '2021-07-21 08:49:55'),
(445, 'image-444.jpg', '1', 6, '2021-07-21 08:49:55', '2021-07-21 08:49:55'),
(446, 'image-445.jpg', '1', 6, '2021-07-21 08:49:55', '2021-07-21 08:49:55'),
(447, 'image-446.jpg', '3', 6, '2021-07-21 08:49:55', '2021-07-21 08:49:55'),
(448, 'image-447.jpg', '3', 6, '2021-07-21 08:49:55', '2021-07-21 08:49:55'),
(449, 'image-448.jpg', '1', 6, '2021-07-21 08:49:55', '2021-07-21 08:49:55'),
(450, 'image-449.jpg', '3', 6, '2021-07-21 08:49:55', '2021-07-21 08:49:55'),
(451, 'image-450.jpg', '2', 6, '2021-07-21 08:49:55', '2021-07-21 08:49:55'),
(452, 'image-451.jpg', '3', 6, '2021-07-21 08:49:55', '2021-07-21 08:49:55'),
(453, 'image-452.jpg', '1', 6, '2021-07-21 08:49:55', '2021-07-21 08:49:55'),
(454, 'image-453.jpg', '1', 6, '2021-07-21 08:49:55', '2021-07-21 08:49:55'),
(455, 'image-454.jpg', '2', 6, '2021-07-21 08:49:55', '2021-07-21 08:49:55'),
(456, 'image-455.jpg', '2', 6, '2021-07-21 08:49:55', '2021-07-21 08:49:55'),
(457, 'image-456.jpg', '3', 6, '2021-07-21 08:49:55', '2021-07-21 08:49:55'),
(458, 'image-457.jpg', '3', 6, '2021-07-21 08:49:55', '2021-07-21 08:49:55'),
(459, 'image-458.jpg', '1', 6, '2021-07-21 08:49:55', '2021-07-21 08:49:55'),
(460, 'image-459.jpg', '2', 6, '2021-07-21 08:49:55', '2021-07-21 08:49:55'),
(461, 'image-460.jpg', '3', 6, '2021-07-21 08:49:55', '2021-07-21 08:49:55'),
(462, 'image-461.jpg', '3', 6, '2021-07-21 08:49:55', '2021-07-21 08:49:55'),
(463, 'image-462.jpg', '1', 6, '2021-07-21 08:49:55', '2021-07-21 08:49:55'),
(464, 'image-463.jpg', '1', 6, '2021-07-21 08:49:55', '2021-07-21 08:49:55'),
(465, 'image-464.jpg', '1', 6, '2021-07-21 08:49:55', '2021-07-21 08:49:55'),
(466, 'image-465.jpg', '1', 6, '2021-07-21 08:49:55', '2021-07-21 08:49:55'),
(467, 'image-466.jpg', '2', 6, '2021-07-21 08:49:55', '2021-07-21 08:49:55'),
(468, 'image-467.jpg', '2', 6, '2021-07-21 08:49:55', '2021-07-21 08:49:55'),
(469, 'image-468.jpg', '2', 6, '2021-07-21 08:49:55', '2021-07-21 08:49:55'),
(470, 'image-469.jpg', '4', 6, '2021-07-21 08:49:55', '2021-07-21 08:49:55'),
(471, 'image-470.jpg', '1', 6, '2021-07-21 08:49:55', '2021-07-21 08:49:55'),
(472, 'image-471.jpg', '3', 6, '2021-07-21 08:49:55', '2021-07-21 08:49:55'),
(473, 'image-472.jpg', '1', 6, '2021-07-21 08:49:55', '2021-07-21 08:49:55'),
(474, 'image-473.jpg', '3', 6, '2021-07-21 08:49:55', '2021-07-21 08:49:55'),
(475, 'image-474.jpg', '2', 6, '2021-07-21 08:49:55', '2021-07-21 08:49:55'),
(476, 'image-475.jpg', '2', 6, '2021-07-21 08:49:55', '2021-07-21 08:49:55'),
(477, 'image-476.jpg', '3', 6, '2021-07-21 08:49:55', '2021-07-21 08:49:55'),
(478, 'image-477.jpg', '4', 6, '2021-07-21 08:49:55', '2021-07-21 08:49:55'),
(479, 'image-478.jpg', '2', 6, '2021-07-21 08:49:55', '2021-07-21 08:49:55'),
(480, 'image-479.jpg', '4', 6, '2021-07-21 08:49:55', '2021-07-21 08:49:55'),
(481, 'image-480.jpg', '1', 6, '2021-07-21 08:49:55', '2021-07-21 08:49:55'),
(482, 'image-481.jpg', '2', 6, '2021-07-21 08:49:55', '2021-07-21 08:49:55'),
(483, 'image-482.jpg', '4', 6, '2021-07-21 08:49:55', '2021-07-21 08:49:55'),
(484, 'image-483.jpg', '3', 6, '2021-07-21 08:49:55', '2021-07-21 08:49:55'),
(485, 'image-484.jpg', '2', 6, '2021-07-21 08:49:55', '2021-07-21 08:49:55'),
(486, 'image-485.jpg', '2', 6, '2021-07-21 08:49:55', '2021-07-21 08:49:55'),
(487, 'image-486.jpg', '2', 7, '2021-07-21 08:49:55', '2021-07-21 08:49:55'),
(488, 'image-487.jpg', '1', 7, '2021-07-21 08:49:55', '2021-07-21 08:49:55'),
(489, 'image-488.jpg', '4', 7, '2021-07-21 08:49:55', '2021-07-21 08:49:55'),
(490, 'image-489.jpg', '3', 7, '2021-07-21 08:49:55', '2021-07-21 08:49:55'),
(491, 'image-490.jpg', '1', 7, '2021-07-21 08:49:55', '2021-07-21 08:49:55'),
(492, 'image-491.jpg', '2', 7, '2021-07-21 08:49:55', '2021-07-21 08:49:55'),
(493, 'image-492.jpg', '1', 7, '2021-07-21 08:49:55', '2021-07-21 08:49:55'),
(494, 'image-493.jpg', '2', 7, '2021-07-21 08:49:55', '2021-07-21 08:49:55'),
(495, 'image-494.jpg', '2', 7, '2021-07-21 08:49:55', '2021-07-21 08:49:55'),
(496, 'image-495.jpg', '1', 7, '2021-07-21 08:49:55', '2021-07-21 08:49:55'),
(497, 'image-496.jpg', '1', 7, '2021-07-21 08:49:55', '2021-07-21 08:49:55'),
(498, 'image-497.jpg', '2', 7, '2021-07-21 08:49:55', '2021-07-21 08:49:55'),
(499, 'image-498.jpg', '1', 7, '2021-07-21 08:49:55', '2021-07-21 08:49:55'),
(500, 'image-499.jpg', '2', 7, '2021-07-21 08:49:55', '2021-07-21 08:49:55'),
(501, 'image-500.jpg', '2', 7, '2021-07-21 08:49:55', '2021-07-21 08:49:55'),
(502, 'image-501.jpg', '2', 7, '2021-07-21 08:49:55', '2021-07-21 08:49:55'),
(503, 'image-502.jpg', '1', 7, '2021-07-21 08:49:55', '2021-07-21 08:49:55'),
(504, 'image-503.jpg', '3', 7, '2021-07-21 08:49:55', '2021-07-21 08:49:55'),
(505, 'image-504.jpg', '1', 7, '2021-07-21 08:49:55', '2021-07-21 08:49:55'),
(506, 'image-505.jpg', '2', 7, '2021-07-21 08:49:55', '2021-07-21 08:49:55'),
(507, 'image-506.jpg', '1', 7, '2021-07-21 08:49:55', '2021-07-21 08:49:55'),
(508, 'image-507.jpg', '1', 7, '2021-07-21 08:49:55', '2021-07-21 08:49:55'),
(509, 'image-508.jpg', '3', 7, '2021-07-21 08:49:55', '2021-07-21 08:49:55'),
(510, 'image-509.jpg', '2', 7, '2021-07-21 08:49:55', '2021-07-21 08:49:55'),
(511, 'image-510.jpg', '2', 7, '2021-07-21 08:49:55', '2021-07-21 08:49:55'),
(512, 'image-511.jpg', '2', 7, '2021-07-21 08:49:55', '2021-07-21 08:49:55'),
(513, 'image-512.jpg', '1', 7, '2021-07-21 08:49:55', '2021-07-21 08:49:55'),
(514, 'image-513.jpg', '1', 7, '2021-07-21 08:49:55', '2021-07-21 08:49:55'),
(515, 'image-514.jpg', '2', 7, '2021-07-21 08:49:55', '2021-07-21 08:49:55'),
(516, 'image-515.jpg', '1', 7, '2021-07-21 08:49:55', '2021-07-21 08:49:55'),
(517, 'image-516.jpg', '2', 7, '2021-07-21 08:49:55', '2021-07-21 08:49:55'),
(518, 'image-517.jpg', '1', 7, '2021-07-21 08:49:55', '2021-07-21 08:49:55'),
(519, 'image-518.jpg', '2', 7, '2021-07-21 08:49:55', '2021-07-21 08:49:55'),
(520, 'image-519.jpg', '4', 7, '2021-07-21 08:49:55', '2021-07-21 08:49:55'),
(521, 'image-520.jpg', '1', 7, '2021-07-21 08:49:55', '2021-07-21 08:49:55'),
(522, 'image-521.jpg', '2', 7, '2021-07-21 08:49:55', '2021-07-21 08:49:55'),
(523, 'image-522.jpg', '3', 7, '2021-07-21 08:49:55', '2021-07-21 08:49:55'),
(524, 'image-523.jpg', '2', 7, '2021-07-21 08:49:55', '2021-07-21 08:49:55'),
(525, 'image-524.jpg', '1', 7, '2021-07-21 08:49:55', '2021-07-21 08:49:55'),
(526, 'image-525.jpg', '2', 7, '2021-07-21 08:49:55', '2021-07-21 08:49:55'),
(527, 'image-526.jpg', '3', 7, '2021-07-21 08:49:55', '2021-07-21 08:49:55'),
(528, 'image-527.jpg', '3', 7, '2021-07-21 08:49:55', '2021-07-21 08:49:55'),
(529, 'image-528.jpg', '3', 7, '2021-07-21 08:49:55', '2021-07-21 08:49:55'),
(530, 'image-529.jpg', '1', 7, '2021-07-21 08:49:55', '2021-07-21 08:49:55'),
(531, 'image-530.jpg', '3', 7, '2021-07-21 08:49:55', '2021-07-21 08:49:55'),
(532, 'image-531.jpg', '2', 7, '2021-07-21 08:49:55', '2021-07-21 08:49:55'),
(533, 'image-532.jpg', '3', 7, '2021-07-21 08:49:55', '2021-07-21 08:49:55'),
(534, 'image-533.jpg', '1', 7, '2021-07-21 08:49:55', '2021-07-21 08:49:55'),
(535, 'image-534.jpg', '3', 7, '2021-07-21 08:49:55', '2021-07-21 08:49:55'),
(536, 'image-535.jpg', '1', 7, '2021-07-21 08:49:55', '2021-07-21 08:49:55'),
(537, 'image-536.jpg', '4', 7, '2021-07-21 08:49:55', '2021-07-21 08:49:55'),
(538, 'image-537.jpg', '2', 7, '2021-07-21 08:49:55', '2021-07-21 08:49:55'),
(539, 'image-538.jpg', '3', 7, '2021-07-21 08:49:55', '2021-07-21 08:49:55'),
(540, 'image-539.jpg', '2', 7, '2021-07-21 08:49:55', '2021-07-21 08:49:55'),
(541, 'image-540.jpg', '1', 7, '2021-07-21 08:49:55', '2021-07-21 08:49:55'),
(542, 'image-541.jpg', '2', 7, '2021-07-21 08:49:55', '2021-07-21 08:49:55'),
(543, 'image-542.jpg', '1', 7, '2021-07-21 08:49:55', '2021-07-21 08:49:55'),
(544, 'image-543.jpg', '1', 7, '2021-07-21 08:49:55', '2021-07-21 08:49:55'),
(545, 'image-544.jpg', '2', 7, '2021-07-21 08:49:55', '2021-07-21 08:49:55'),
(546, 'image-545.jpg', '2', 7, '2021-07-21 08:49:55', '2021-07-21 08:49:55'),
(547, 'image-546.jpg', '3', 7, '2021-07-21 08:49:55', '2021-07-21 08:49:55'),
(548, 'image-547.jpg', '3', 7, '2021-07-21 08:49:55', '2021-07-21 08:49:55'),
(549, 'image-548.jpg', '2', 7, '2021-07-21 08:49:55', '2021-07-21 08:49:55'),
(550, 'image-549.jpg', '1', 7, '2021-07-21 08:49:55', '2021-07-21 08:49:55'),
(551, 'image-550.jpg', '3', 7, '2021-07-21 08:49:55', '2021-07-21 08:49:55'),
(552, 'image-551.jpg', '2', 7, '2021-07-21 08:49:55', '2021-07-21 08:49:55'),
(553, 'image-552.jpg', '3', 7, '2021-07-21 08:49:55', '2021-07-21 08:49:55'),
(554, 'image-553.jpg', '2', 7, '2021-07-21 08:49:55', '2021-07-21 08:49:55'),
(555, 'image-554.jpg', '2', 7, '2021-07-21 08:49:55', '2021-07-21 08:49:55'),
(556, 'image-555.jpg', '2', 7, '2021-07-21 08:49:55', '2021-07-21 08:49:55'),
(557, 'image-556.jpg', '3', 7, '2021-07-21 08:49:55', '2021-07-21 08:49:55'),
(558, 'image-557.jpg', '4', 7, '2021-07-21 08:49:55', '2021-07-21 08:49:55'),
(559, 'image-558.jpg', '4', 7, '2021-07-21 08:49:55', '2021-07-21 08:49:55'),
(560, 'image-559.jpg', '2', 7, '2021-07-21 08:49:55', '2021-07-21 08:49:55'),
(561, 'image-560.jpg', '3', 7, '2021-07-21 08:49:55', '2021-07-21 08:49:55'),
(562, 'image-561.jpg', '2', 7, '2021-07-21 08:49:55', '2021-07-21 08:49:55'),
(563, 'image-562.jpg', '1', 7, '2021-07-21 08:49:55', '2021-07-21 08:49:55'),
(564, 'image-563.jpg', '2', 7, '2021-07-21 08:49:55', '2021-07-21 08:49:55'),
(565, 'image-564.jpg', '2', 7, '2021-07-21 08:49:55', '2021-07-21 08:49:55'),
(566, 'image-565.jpg', '3', 7, '2021-07-21 08:49:55', '2021-07-21 08:49:55'),
(567, 'image-566.jpg', '3', 7, '2021-07-21 08:49:55', '2021-07-21 08:49:55'),
(568, 'image-567.jpg', '2', 7, '2021-07-21 08:49:55', '2021-07-21 08:49:55'),
(569, 'image-568.jpg', '1', 7, '2021-07-21 08:49:55', '2021-07-21 08:49:55'),
(570, 'image-569.jpg', '1', 7, '2021-07-21 08:49:55', '2021-07-21 08:49:55'),
(571, 'image-570.jpg', '3', 7, '2021-07-21 08:49:55', '2021-07-21 08:49:55'),
(572, 'image-571.jpg', '2', 7, '2021-07-21 08:49:55', '2021-07-21 08:49:55'),
(573, 'image-572.jpg', '3', 7, '2021-07-21 08:49:55', '2021-07-21 08:49:55'),
(574, 'image-573.jpg', '3', 7, '2021-07-21 08:49:55', '2021-07-21 08:49:55'),
(575, 'image-574.jpg', '2', 7, '2021-07-21 08:49:55', '2021-07-21 08:49:55'),
(576, 'image-575.jpg', '2', 7, '2021-07-21 08:49:55', '2021-07-21 08:49:55'),
(577, 'image-576.jpg', '2', 7, '2021-07-21 08:49:55', '2021-07-21 08:49:55'),
(578, 'image-577.jpg', '4', 7, '2021-07-21 08:49:55', '2021-07-21 08:49:55'),
(579, 'image-578.jpg', '3', 7, '2021-07-21 08:49:55', '2021-07-21 08:49:55'),
(580, 'image-579.jpg', '1', 7, '2021-07-21 08:49:55', '2021-07-21 08:49:55'),
(581, 'image-580.jpg', '2', 7, '2021-07-21 08:49:55', '2021-07-21 08:49:55'),
(582, 'image-581.jpg', '3', 7, '2021-07-21 08:49:55', '2021-07-21 08:49:55'),
(583, 'image-582.jpg', '3', 7, '2021-07-21 08:49:55', '2021-07-21 08:49:55'),
(584, 'image-583.jpg', '4', 7, '2021-07-21 08:49:55', '2021-07-21 08:49:55'),
(585, 'image-584.jpg', '1', 7, '2021-07-21 08:49:55', '2021-07-21 08:49:55'),
(586, 'image-585.jpg', '2', 7, '2021-07-21 08:49:55', '2021-07-21 08:49:55'),
(587, 'image-586.jpg', '3', 7, '2021-07-21 08:49:55', '2021-07-21 08:49:55'),
(588, 'image-587.jpg', '2', 7, '2021-07-21 08:49:55', '2021-07-21 08:49:55'),
(589, 'image-588.jpg', '2', 7, '2021-07-21 08:49:55', '2021-07-21 08:49:55'),
(590, 'image-589.jpg', '3', 7, '2021-07-21 08:49:55', '2021-07-21 08:49:55'),
(591, 'image-590.jpg', '1', 7, '2021-07-21 08:49:55', '2021-07-21 08:49:55'),
(592, 'image-591.jpg', '1', 7, '2021-07-21 08:49:55', '2021-07-21 08:49:55'),
(593, 'image-592.jpg', '3', 7, '2021-07-21 08:49:55', '2021-07-21 08:49:55'),
(594, 'image-593.jpg', '1', 7, '2021-07-21 08:49:55', '2021-07-21 08:49:55'),
(595, 'image-594.jpg', '2', 7, '2021-07-21 08:49:55', '2021-07-21 08:49:55'),
(596, 'image-595.jpg', '2', 7, '2021-07-21 08:49:55', '2021-07-21 08:49:55'),
(597, 'image-596.jpg', '2', 7, '2021-07-21 08:49:55', '2021-07-21 08:49:55'),
(598, 'image-597.jpg', '2', 7, '2021-07-21 08:49:55', '2021-07-21 08:49:55'),
(599, 'image-598.jpg', '1', 7, '2021-07-21 08:49:55', '2021-07-21 08:49:55'),
(600, 'image-599.jpg', '2', 7, '2021-07-21 08:49:55', '2021-07-21 08:49:55');

-- --------------------------------------------------------

--
-- Cấu trúc bảng cho bảng `chitiet_dethi`
--

CREATE TABLE `chitiet_dethi` (
  `id` bigint(20) UNSIGNED NOT NULL,
  `id_cauhoi` bigint(20) UNSIGNED NOT NULL,
  `id_dethi` bigint(20) UNSIGNED NOT NULL,
  `created_at` timestamp NULL DEFAULT NULL,
  `updated_at` timestamp NULL DEFAULT NULL
) ENGINE=InnoDB DEFAULT CHARSET=utf8mb4 COLLATE=utf8mb4_unicode_ci;

--
-- Đang đổ dữ liệu cho bảng `chitiet_dethi`
--

INSERT INTO `chitiet_dethi` (`id`, `id_cauhoi`, `id_dethi`, `created_at`, `updated_at`) VALUES
(1, 1, 1, '2021-08-08 03:26:16', '2021-08-08 03:26:16'),
(2, 2, 1, '2021-08-08 03:26:16', '2021-08-08 03:26:16'),
(3, 3, 1, '2021-08-08 03:26:16', '2021-08-08 03:26:16'),
(4, 4, 1, '2021-08-08 03:26:16', '2021-08-08 03:26:16'),
(5, 5, 1, '2021-08-08 03:26:16', '2021-08-08 03:26:16'),
(6, 6, 1, '2021-08-08 03:26:16', '2021-08-08 03:26:16'),
(7, 7, 1, '2021-08-08 03:26:16', '2021-08-08 03:26:16'),
(8, 8, 1, '2021-08-08 03:26:16', '2021-08-08 03:26:16'),
(9, 167, 1, '2021-08-08 03:26:16', '2021-08-08 03:26:16'),
(10, 168, 1, '2021-08-08 03:26:16', '2021-08-08 03:26:16'),
(11, 193, 1, '2021-08-08 03:26:16', '2021-08-08 03:26:16'),
(12, 215, 1, '2021-08-08 03:26:16', '2021-08-08 03:26:16'),
(13, 216, 1, '2021-08-08 03:26:16', '2021-08-08 03:26:16'),
(14, 270, 1, '2021-08-08 03:26:16', '2021-08-08 03:26:16'),
(15, 305, 1, '2021-08-08 03:26:16', '2021-08-08 03:26:16'),
(16, 306, 1, '2021-08-08 03:26:16', '2021-08-08 03:26:16'),
(17, 307, 1, '2021-08-08 03:26:16', '2021-08-08 03:26:16'),
(18, 308, 1, '2021-08-08 03:26:16', '2021-08-08 03:26:16'),
(19, 309, 1, '2021-08-08 03:26:16', '2021-08-08 03:26:16'),
(20, 310, 1, '2021-08-08 03:26:16', '2021-08-08 03:26:16'),
(21, 311, 1, '2021-08-08 03:26:16', '2021-08-08 03:26:16'),
(22, 312, 1, '2021-08-08 03:26:16', '2021-08-08 03:26:16'),
(23, 313, 1, '2021-08-08 03:26:16', '2021-08-08 03:26:16'),
(24, 314, 1, '2021-08-08 03:26:16', '2021-08-08 03:26:16'),
(25, 487, 1, '2021-08-08 03:26:16', '2021-08-08 03:26:16'),
(26, 488, 1, '2021-08-08 03:26:16', '2021-08-08 03:26:16'),
(27, 489, 1, '2021-08-08 03:26:16', '2021-08-08 03:26:16'),
(28, 490, 1, '2021-08-08 03:26:16', '2021-08-08 03:26:16'),
(29, 491, 1, '2021-08-08 03:26:16', '2021-08-08 03:26:16'),
(30, 492, 1, '2021-08-08 03:26:16', '2021-08-08 03:26:16'),
(31, 493, 1, '2021-08-08 03:26:16', '2021-08-08 03:26:16'),
(32, 494, 1, '2021-08-08 03:26:16', '2021-08-08 03:26:16'),
(33, 495, 1, '2021-08-08 03:26:16', '2021-08-08 03:26:16'),
(34, 496, 1, '2021-08-08 03:26:16', '2021-08-08 03:26:16'),
(35, 17, 1, '2021-08-08 03:26:16', '2021-08-08 03:26:16'),
(36, 9, 2, '2021-08-08 03:26:16', '2021-08-08 03:26:16'),
(37, 10, 2, '2021-08-08 03:26:16', '2021-08-08 03:26:16'),
(38, 11, 2, '2021-08-08 03:26:16', '2021-08-08 03:26:16'),
(39, 12, 2, '2021-08-08 03:26:16', '2021-08-08 03:26:16'),
(40, 13, 2, '2021-08-08 03:26:16', '2021-08-08 03:26:16'),
(41, 14, 2, '2021-08-08 03:26:16', '2021-08-08 03:26:16'),
(42, 15, 2, '2021-08-08 03:26:16', '2021-08-08 03:26:16'),
(43, 16, 2, '2021-08-08 03:26:16', '2021-08-08 03:26:16'),
(44, 169, 2, '2021-08-08 03:26:16', '2021-08-08 03:26:16'),
(45, 170, 2, '2021-08-08 03:26:16', '2021-08-08 03:26:16'),
(46, 194, 2, '2021-08-08 03:26:16', '2021-08-08 03:26:16'),
(47, 217, 2, '2021-08-08 03:26:16', '2021-08-08 03:26:16'),
(48, 218, 2, '2021-08-08 03:26:16', '2021-08-08 03:26:16'),
(49, 271, 2, '2021-08-08 03:26:16', '2021-08-08 03:26:16'),
(50, 315, 2, '2021-08-08 03:26:16', '2021-08-08 03:26:16'),
(51, 316, 2, '2021-08-08 03:26:16', '2021-08-08 03:26:16'),
(52, 317, 2, '2021-08-08 03:26:16', '2021-08-08 03:26:16'),
(53, 318, 2, '2021-08-08 03:26:16', '2021-08-08 03:26:16'),
(54, 319, 2, '2021-08-08 03:26:16', '2021-08-08 03:26:16'),
(55, 320, 2, '2021-08-08 03:26:16', '2021-08-08 03:26:16'),
(56, 321, 2, '2021-08-08 03:26:16', '2021-08-08 03:26:16'),
(57, 322, 2, '2021-08-08 03:26:16', '2021-08-08 03:26:16'),
(58, 323, 2, '2021-08-08 03:26:16', '2021-08-08 03:26:16'),
(59, 324, 2, '2021-08-08 03:26:16', '2021-08-08 03:26:16'),
(60, 497, 2, '2021-08-08 03:26:16', '2021-08-08 03:26:16'),
(61, 498, 2, '2021-08-08 03:26:16', '2021-08-08 03:26:16'),
(62, 499, 2, '2021-08-08 03:26:16', '2021-08-08 03:26:16'),
(63, 500, 2, '2021-08-08 03:26:16', '2021-08-08 03:26:16'),
(64, 501, 2, '2021-08-08 03:26:16', '2021-08-08 03:26:16'),
(65, 502, 2, '2021-08-08 03:26:16', '2021-08-08 03:26:16'),
(66, 503, 2, '2021-08-08 03:26:16', '2021-08-08 03:26:16'),
(67, 504, 2, '2021-08-08 03:26:16', '2021-08-08 03:26:16'),
(68, 505, 2, '2021-08-08 03:26:16', '2021-08-08 03:26:16'),
(69, 506, 2, '2021-08-08 03:26:16', '2021-08-08 03:26:16'),
(70, 18, 2, '2021-08-08 03:26:16', '2021-08-08 03:26:16'),
(71, 54, 3, '2021-08-08 03:26:16', '2021-08-08 03:26:16'),
(72, 55, 3, '2021-08-08 03:26:16', '2021-08-08 03:26:16'),
(73, 56, 3, '2021-08-08 03:26:16', '2021-08-08 03:26:16'),
(74, 57, 3, '2021-08-08 03:26:16', '2021-08-08 03:26:16'),
(75, 58, 3, '2021-08-08 03:26:16', '2021-08-08 03:26:16'),
(76, 59, 3, '2021-08-08 03:26:16', '2021-08-08 03:26:16'),
(77, 60, 3, '2021-08-08 03:26:16', '2021-08-08 03:26:16'),
(78, 61, 3, '2021-08-08 03:26:16', '2021-08-08 03:26:16'),
(79, 171, 3, '2021-08-08 03:26:16', '2021-08-08 03:26:16'),
(80, 172, 3, '2021-08-08 03:26:16', '2021-08-08 03:26:16'),
(81, 195, 3, '2021-08-08 03:26:16', '2021-08-08 03:26:16'),
(82, 219, 3, '2021-08-08 03:26:16', '2021-08-08 03:26:16'),
(83, 220, 3, '2021-08-08 03:26:16', '2021-08-08 03:26:16'),
(84, 272, 3, '2021-08-08 03:26:16', '2021-08-08 03:26:16'),
(85, 325, 3, '2021-08-08 03:26:16', '2021-08-08 03:26:16'),
(86, 326, 3, '2021-08-08 03:26:16', '2021-08-08 03:26:16'),
(87, 327, 3, '2021-08-08 03:26:16', '2021-08-08 03:26:16'),
(88, 328, 3, '2021-08-08 03:26:16', '2021-08-08 03:26:16'),
(89, 329, 3, '2021-08-08 03:26:16', '2021-08-08 03:26:16'),
(90, 330, 3, '2021-08-08 03:26:16', '2021-08-08 03:26:16'),
(91, 331, 3, '2021-08-08 03:26:16', '2021-08-08 03:26:16'),
(92, 332, 3, '2021-08-08 03:26:16', '2021-08-08 03:26:16'),
(93, 333, 3, '2021-08-08 03:26:16', '2021-08-08 03:26:16'),
(94, 334, 3, '2021-08-08 03:26:16', '2021-08-08 03:26:16'),
(95, 507, 3, '2021-08-08 03:26:16', '2021-08-08 03:26:16'),
(96, 508, 3, '2021-08-08 03:26:16', '2021-08-08 03:26:16'),
(97, 509, 3, '2021-08-08 03:26:16', '2021-08-08 03:26:16'),
(98, 510, 3, '2021-08-08 03:26:16', '2021-08-08 03:26:16'),
(99, 511, 3, '2021-08-08 03:26:16', '2021-08-08 03:26:16'),
(100, 512, 3, '2021-08-08 03:26:16', '2021-08-08 03:26:16'),
(101, 513, 3, '2021-08-08 03:26:16', '2021-08-08 03:26:16'),
(102, 514, 3, '2021-08-08 03:26:16', '2021-08-08 03:26:16'),
(103, 515, 3, '2021-08-08 03:26:16', '2021-08-08 03:26:16'),
(104, 516, 3, '2021-08-08 03:26:16', '2021-08-08 03:26:16'),
(105, 19, 3, '2021-08-08 03:26:16', '2021-08-08 03:26:16'),
(106, 62, 4, '2021-08-08 03:26:16', '2021-08-08 03:26:16'),
(107, 63, 4, '2021-08-08 03:26:16', '2021-08-08 03:26:16'),
(108, 64, 4, '2021-08-08 03:26:16', '2021-08-08 03:26:16'),
(109, 65, 4, '2021-08-08 03:26:16', '2021-08-08 03:26:16'),
(110, 66, 4, '2021-08-08 03:26:16', '2021-08-08 03:26:16'),
(111, 67, 4, '2021-08-08 03:26:16', '2021-08-08 03:26:16'),
(112, 68, 4, '2021-08-08 03:26:16', '2021-08-08 03:26:16'),
(113, 69, 4, '2021-08-08 03:26:16', '2021-08-08 03:26:16'),
(114, 173, 4, '2021-08-08 03:26:16', '2021-08-08 03:26:16'),
(115, 174, 4, '2021-08-08 03:26:16', '2021-08-08 03:26:16'),
(116, 196, 4, '2021-08-08 03:26:16', '2021-08-08 03:26:16'),
(117, 222, 4, '2021-08-08 03:26:16', '2021-08-08 03:26:16'),
(118, 223, 4, '2021-08-08 03:26:16', '2021-08-08 03:26:16'),
(119, 273, 4, '2021-08-08 03:26:16', '2021-08-08 03:26:16'),
(120, 335, 4, '2021-08-08 03:26:16', '2021-08-08 03:26:16'),
(121, 336, 4, '2021-08-08 03:26:16', '2021-08-08 03:26:16'),
(122, 337, 4, '2021-08-08 03:26:16', '2021-08-08 03:26:16'),
(123, 338, 4, '2021-08-08 03:26:16', '2021-08-08 03:26:16'),
(124, 339, 4, '2021-08-08 03:26:16', '2021-08-08 03:26:16'),
(125, 340, 4, '2021-08-08 03:26:16', '2021-08-08 03:26:16'),
(126, 341, 4, '2021-08-08 03:26:16', '2021-08-08 03:26:16'),
(127, 342, 4, '2021-08-08 03:26:16', '2021-08-08 03:26:16'),
(128, 343, 4, '2021-08-08 03:26:16', '2021-08-08 03:26:16'),
(129, 344, 4, '2021-08-08 03:26:16', '2021-08-08 03:26:16'),
(130, 517, 4, '2021-08-08 03:26:16', '2021-08-08 03:26:16'),
(131, 518, 4, '2021-08-08 03:26:16', '2021-08-08 03:26:16'),
(132, 519, 4, '2021-08-08 03:26:16', '2021-08-08 03:26:16'),
(133, 520, 4, '2021-08-08 03:26:16', '2021-08-08 03:26:16'),
(134, 521, 4, '2021-08-08 03:26:16', '2021-08-08 03:26:16'),
(135, 522, 4, '2021-08-08 03:26:16', '2021-08-08 03:26:16'),
(136, 523, 4, '2021-08-08 03:26:16', '2021-08-08 03:26:16'),
(137, 524, 4, '2021-08-08 03:26:16', '2021-08-08 03:26:16'),
(138, 525, 4, '2021-08-08 03:26:16', '2021-08-08 03:26:16'),
(139, 526, 4, '2021-08-08 03:26:16', '2021-08-08 03:26:16'),
(140, 20, 4, '2021-08-08 03:26:16', '2021-08-08 03:26:16'),
(141, 70, 5, '2021-08-08 03:26:16', '2021-08-08 03:26:16'),
(142, 71, 5, '2021-08-08 03:26:16', '2021-08-08 03:26:16'),
(143, 72, 5, '2021-08-08 03:26:16', '2021-08-08 03:26:16'),
(144, 73, 5, '2021-08-08 03:26:16', '2021-08-08 03:26:16'),
(145, 74, 5, '2021-08-08 03:26:16', '2021-08-08 03:26:16'),
(146, 75, 5, '2021-08-08 03:26:16', '2021-08-08 03:26:16'),
(147, 76, 5, '2021-08-08 03:26:16', '2021-08-08 03:26:16'),
(148, 77, 5, '2021-08-08 03:26:16', '2021-08-08 03:26:16'),
(149, 175, 5, '2021-08-08 03:26:16', '2021-08-08 03:26:16'),
(150, 176, 5, '2021-08-08 03:26:16', '2021-08-08 03:26:16'),
(151, 197, 5, '2021-08-08 03:26:16', '2021-08-08 03:26:16'),
(152, 224, 5, '2021-08-08 03:26:16', '2021-08-08 03:26:16'),
(153, 225, 5, '2021-08-08 03:26:16', '2021-08-08 03:26:16'),
(154, 274, 5, '2021-08-08 03:26:16', '2021-08-08 03:26:16'),
(155, 345, 5, '2021-08-08 03:26:16', '2021-08-08 03:26:16'),
(156, 346, 5, '2021-08-08 03:26:16', '2021-08-08 03:26:16'),
(157, 347, 5, '2021-08-08 03:26:16', '2021-08-08 03:26:16'),
(158, 348, 5, '2021-08-08 03:26:16', '2021-08-08 03:26:16'),
(159, 349, 5, '2021-08-08 03:26:16', '2021-08-08 03:26:16'),
(160, 350, 5, '2021-08-08 03:26:16', '2021-08-08 03:26:16'),
(161, 351, 5, '2021-08-08 03:26:16', '2021-08-08 03:26:16'),
(162, 352, 5, '2021-08-08 03:26:16', '2021-08-08 03:26:16'),
(163, 353, 5, '2021-08-08 03:26:16', '2021-08-08 03:26:16'),
(164, 354, 5, '2021-08-08 03:26:16', '2021-08-08 03:26:16'),
(165, 527, 5, '2021-08-08 03:26:16', '2021-08-08 03:26:16'),
(166, 528, 5, '2021-08-08 03:26:16', '2021-08-08 03:26:16'),
(167, 529, 5, '2021-08-08 03:26:16', '2021-08-08 03:26:16'),
(168, 530, 5, '2021-08-08 03:26:16', '2021-08-08 03:26:16'),
(169, 531, 5, '2021-08-08 03:26:16', '2021-08-08 03:26:16'),
(170, 532, 5, '2021-08-08 03:26:16', '2021-08-08 03:26:16'),
(171, 533, 5, '2021-08-08 03:26:16', '2021-08-08 03:26:16'),
(172, 534, 5, '2021-08-08 03:26:16', '2021-08-08 03:26:16'),
(173, 535, 5, '2021-08-08 03:26:16', '2021-08-08 03:26:16'),
(174, 536, 5, '2021-08-08 03:26:16', '2021-08-08 03:26:16'),
(175, 21, 5, '2021-08-08 03:26:16', '2021-08-08 03:26:16'),
(176, 78, 6, '2021-08-08 03:26:16', '2021-08-08 03:26:16'),
(177, 79, 6, '2021-08-08 03:26:16', '2021-08-08 03:26:16'),
(178, 80, 6, '2021-08-08 03:26:16', '2021-08-08 03:26:16'),
(179, 81, 6, '2021-08-08 03:26:16', '2021-08-08 03:26:16'),
(180, 82, 6, '2021-08-08 03:26:16', '2021-08-08 03:26:16'),
(181, 83, 6, '2021-08-08 03:26:16', '2021-08-08 03:26:16'),
(182, 85, 6, '2021-08-08 03:26:16', '2021-08-08 03:26:16'),
(183, 86, 6, '2021-08-08 03:26:16', '2021-08-08 03:26:16'),
(184, 177, 6, '2021-08-08 03:26:16', '2021-08-08 03:26:16'),
(185, 178, 6, '2021-08-08 03:26:16', '2021-08-08 03:26:16'),
(186, 198, 6, '2021-08-08 03:26:16', '2021-08-08 03:26:16'),
(187, 226, 6, '2021-08-08 03:26:16', '2021-08-08 03:26:16'),
(188, 228, 6, '2021-08-08 03:26:16', '2021-08-08 03:26:16'),
(189, 275, 6, '2021-08-08 03:26:16', '2021-08-08 03:26:16'),
(190, 355, 6, '2021-08-08 03:26:16', '2021-08-08 03:26:16'),
(191, 356, 6, '2021-08-08 03:26:16', '2021-08-08 03:26:16'),
(192, 357, 6, '2021-08-08 03:26:16', '2021-08-08 03:26:16'),
(193, 358, 6, '2021-08-08 03:26:16', '2021-08-08 03:26:16'),
(194, 359, 6, '2021-08-08 03:26:16', '2021-08-08 03:26:16'),
(195, 360, 6, '2021-08-08 03:26:16', '2021-08-08 03:26:16'),
(196, 361, 6, '2021-08-08 03:26:16', '2021-08-08 03:26:16'),
(197, 362, 6, '2021-08-08 03:26:16', '2021-08-08 03:26:16'),
(198, 363, 6, '2021-08-08 03:26:16', '2021-08-08 03:26:16'),
(199, 364, 6, '2021-08-08 03:26:16', '2021-08-08 03:26:16'),
(200, 537, 6, '2021-08-08 03:26:16', '2021-08-08 03:26:16'),
(201, 538, 6, '2021-08-08 03:26:16', '2021-08-08 03:26:16'),
(202, 539, 6, '2021-08-08 03:26:16', '2021-08-08 03:26:16'),
(203, 540, 6, '2021-08-08 03:26:16', '2021-08-08 03:26:16'),
(204, 541, 6, '2021-08-08 03:26:16', '2021-08-08 03:26:16'),
(205, 542, 6, '2021-08-08 03:26:16', '2021-08-08 03:26:16'),
(206, 543, 6, '2021-08-08 03:26:16', '2021-08-08 03:26:16'),
(207, 544, 6, '2021-08-08 03:26:16', '2021-08-08 03:26:16'),
(208, 545, 6, '2021-08-08 03:26:16', '2021-08-08 03:26:16'),
(209, 546, 6, '2021-08-08 03:26:16', '2021-08-08 03:26:16'),
(210, 22, 6, '2021-08-08 03:26:16', '2021-08-08 03:26:16'),
(211, 87, 7, '2021-08-08 03:26:16', '2021-08-08 03:26:16'),
(212, 88, 7, '2021-08-08 03:26:16', '2021-08-08 03:26:16'),
(213, 89, 7, '2021-08-08 03:26:16', '2021-08-08 03:26:16'),
(214, 90, 7, '2021-08-08 03:26:16', '2021-08-08 03:26:16'),
(215, 92, 7, '2021-08-08 03:26:16', '2021-08-08 03:26:16'),
(216, 93, 7, '2021-08-08 03:26:16', '2021-08-08 03:26:16'),
(217, 94, 7, '2021-08-08 03:26:16', '2021-08-08 03:26:16'),
(218, 95, 7, '2021-08-08 03:26:16', '2021-08-08 03:26:16'),
(219, 179, 7, '2021-08-08 03:26:16', '2021-08-08 03:26:16'),
(220, 180, 7, '2021-08-08 03:26:16', '2021-08-08 03:26:16'),
(221, 200, 7, '2021-08-08 03:26:16', '2021-08-08 03:26:16'),
(222, 229, 7, '2021-08-08 03:26:16', '2021-08-08 03:26:16'),
(223, 230, 7, '2021-08-08 03:26:16', '2021-08-08 03:26:16'),
(224, 276, 7, '2021-08-08 03:26:16', '2021-08-08 03:26:16'),
(225, 365, 7, '2021-08-08 03:26:16', '2021-08-08 03:26:16'),
(226, 366, 7, '2021-08-08 03:26:16', '2021-08-08 03:26:16'),
(227, 367, 7, '2021-08-08 03:26:16', '2021-08-08 03:26:16'),
(228, 368, 7, '2021-08-08 03:26:16', '2021-08-08 03:26:16'),
(229, 369, 7, '2021-08-08 03:26:16', '2021-08-08 03:26:16'),
(230, 370, 7, '2021-08-08 03:26:16', '2021-08-08 03:26:16'),
(231, 371, 7, '2021-08-08 03:26:16', '2021-08-08 03:26:16'),
(232, 372, 7, '2021-08-08 03:26:16', '2021-08-08 03:26:16'),
(233, 373, 7, '2021-08-08 03:26:16', '2021-08-08 03:26:16'),
(234, 374, 7, '2021-08-08 03:26:16', '2021-08-08 03:26:16'),
(235, 547, 7, '2021-08-08 03:26:16', '2021-08-08 03:26:16'),
(236, 548, 7, '2021-08-08 03:26:16', '2021-08-08 03:26:16'),
(237, 549, 7, '2021-08-08 03:26:16', '2021-08-08 03:26:16'),
(238, 550, 7, '2021-08-08 03:26:16', '2021-08-08 03:26:16'),
(239, 551, 7, '2021-08-08 03:26:16', '2021-08-08 03:26:16'),
(240, 552, 7, '2021-08-08 03:26:16', '2021-08-08 03:26:16'),
(241, 553, 7, '2021-08-08 03:26:16', '2021-08-08 03:26:16'),
(242, 554, 7, '2021-08-08 03:26:16', '2021-08-08 03:26:16'),
(243, 555, 7, '2021-08-08 03:26:16', '2021-08-08 03:26:16'),
(244, 556, 7, '2021-08-08 03:26:16', '2021-08-08 03:26:16'),
(245, 23, 7, '2021-08-08 03:26:16', '2021-08-08 03:26:16'),
(246, 96, 8, '2021-08-08 03:26:16', '2021-08-08 03:26:16'),
(247, 97, 8, '2021-08-08 03:26:16', '2021-08-08 03:26:16'),
(248, 98, 8, '2021-08-08 03:26:16', '2021-08-08 03:26:16'),
(249, 100, 8, '2021-08-08 03:26:16', '2021-08-08 03:26:16'),
(250, 102, 8, '2021-08-08 03:26:16', '2021-08-08 03:26:16'),
(251, 103, 8, '2021-08-08 03:26:16', '2021-08-08 03:26:16'),
(252, 104, 8, '2021-08-08 03:26:16', '2021-08-08 03:26:16'),
(253, 105, 8, '2021-08-08 03:26:16', '2021-08-08 03:26:16'),
(254, 181, 8, '2021-08-08 03:26:16', '2021-08-08 03:26:16'),
(255, 182, 8, '2021-08-08 03:26:16', '2021-08-08 03:26:16'),
(256, 201, 8, '2021-08-08 03:26:16', '2021-08-08 03:26:16'),
(257, 232, 8, '2021-08-08 03:26:16', '2021-08-08 03:26:16'),
(258, 233, 8, '2021-08-08 03:26:16', '2021-08-08 03:26:16'),
(259, 277, 8, '2021-08-08 03:26:16', '2021-08-08 03:26:16'),
(260, 375, 8, '2021-08-08 03:26:16', '2021-08-08 03:26:16'),
(261, 376, 8, '2021-08-08 03:26:16', '2021-08-08 03:26:16'),
(262, 377, 8, '2021-08-08 03:26:16', '2021-08-08 03:26:16'),
(263, 378, 8, '2021-08-08 03:26:16', '2021-08-08 03:26:16'),
(264, 379, 8, '2021-08-08 03:26:16', '2021-08-08 03:26:16'),
(265, 380, 8, '2021-08-08 03:26:16', '2021-08-08 03:26:16'),
(266, 381, 8, '2021-08-08 03:26:16', '2021-08-08 03:26:16'),
(267, 382, 8, '2021-08-08 03:26:16', '2021-08-08 03:26:16'),
(268, 383, 8, '2021-08-08 03:26:16', '2021-08-08 03:26:16'),
(269, 384, 8, '2021-08-08 03:26:16', '2021-08-08 03:26:16'),
(270, 557, 8, '2021-08-08 03:26:16', '2021-08-08 03:26:16'),
(271, 558, 8, '2021-08-08 03:26:16', '2021-08-08 03:26:16'),
(272, 559, 8, '2021-08-08 03:26:16', '2021-08-08 03:26:16'),
(273, 560, 8, '2021-08-08 03:26:16', '2021-08-08 03:26:16'),
(274, 561, 8, '2021-08-08 03:26:16', '2021-08-08 03:26:16'),
(275, 562, 8, '2021-08-08 03:26:16', '2021-08-08 03:26:16'),
(276, 563, 8, '2021-08-08 03:26:16', '2021-08-08 03:26:16'),
(277, 564, 8, '2021-08-08 03:26:16', '2021-08-08 03:26:16'),
(278, 565, 8, '2021-08-08 03:26:16', '2021-08-08 03:26:16'),
(279, 566, 8, '2021-08-08 03:26:16', '2021-08-08 03:26:16'),
(280, 99, 8, '2021-08-08 03:26:16', '2021-08-08 03:26:16'),
(281, 106, 9, '2021-08-08 03:26:16', '2021-08-08 03:26:16'),
(282, 107, 9, '2021-08-08 03:26:16', '2021-08-08 03:26:16'),
(283, 108, 9, '2021-08-08 03:26:16', '2021-08-08 03:26:16'),
(284, 110, 9, '2021-08-08 03:26:16', '2021-08-08 03:26:16'),
(285, 111, 9, '2021-08-08 03:26:16', '2021-08-08 03:26:16'),
(286, 113, 9, '2021-08-08 03:26:16', '2021-08-08 03:26:16'),
(287, 115, 9, '2021-08-08 03:26:16', '2021-08-08 03:26:16'),
(288, 116, 9, '2021-08-08 03:26:16', '2021-08-08 03:26:16'),
(289, 183, 9, '2021-08-08 03:26:16', '2021-08-08 03:26:16'),
(290, 184, 9, '2021-08-08 03:26:16', '2021-08-08 03:26:16'),
(291, 202, 9, '2021-08-08 03:26:16', '2021-08-08 03:26:16'),
(292, 234, 9, '2021-08-08 03:26:16', '2021-08-08 03:26:16'),
(293, 235, 9, '2021-08-08 03:26:16', '2021-08-08 03:26:16'),
(294, 278, 9, '2021-08-08 03:26:16', '2021-08-08 03:26:16'),
(295, 385, 9, '2021-08-08 03:26:16', '2021-08-08 03:26:16'),
(296, 386, 9, '2021-08-08 03:26:16', '2021-08-08 03:26:16'),
(297, 387, 9, '2021-08-08 03:26:16', '2021-08-08 03:26:16'),
(298, 388, 9, '2021-08-08 03:26:16', '2021-08-08 03:26:16'),
(299, 389, 9, '2021-08-08 03:26:16', '2021-08-08 03:26:16'),
(300, 390, 9, '2021-08-08 03:26:16', '2021-08-08 03:26:16'),
(301, 391, 9, '2021-08-08 03:26:16', '2021-08-08 03:26:16'),
(302, 392, 9, '2021-08-08 03:26:16', '2021-08-08 03:26:16'),
(303, 393, 9, '2021-08-08 03:26:16', '2021-08-08 03:26:16'),
(304, 394, 9, '2021-08-08 03:26:16', '2021-08-08 03:26:16'),
(305, 567, 9, '2021-08-08 03:26:16', '2021-08-08 03:26:16'),
(306, 568, 9, '2021-08-08 03:26:16', '2021-08-08 03:26:16'),
(307, 569, 9, '2021-08-08 03:26:16', '2021-08-08 03:26:16'),
(308, 570, 9, '2021-08-08 03:26:16', '2021-08-08 03:26:16'),
(309, 571, 9, '2021-08-08 03:26:16', '2021-08-08 03:26:16'),
(310, 572, 9, '2021-08-08 03:26:16', '2021-08-08 03:26:16'),
(311, 573, 9, '2021-08-08 03:26:16', '2021-08-08 03:26:16'),
(312, 574, 9, '2021-08-08 03:26:16', '2021-08-08 03:26:16'),
(313, 575, 9, '2021-08-08 03:26:16', '2021-08-08 03:26:16'),
(314, 576, 9, '2021-08-08 03:26:16', '2021-08-08 03:26:16'),
(315, 109, 9, '2021-08-08 03:26:16', '2021-08-08 03:26:16'),
(316, 120, 10, '2021-08-08 03:26:16', '2021-08-08 03:26:16'),
(317, 121, 10, '2021-08-08 03:26:16', '2021-08-08 03:26:16'),
(318, 122, 10, '2021-08-08 03:26:16', '2021-08-08 03:26:16'),
(319, 123, 10, '2021-08-08 03:26:16', '2021-08-08 03:26:16'),
(320, 124, 10, '2021-08-08 03:26:16', '2021-08-08 03:26:16'),
(321, 125, 10, '2021-08-08 03:26:16', '2021-08-08 03:26:16'),
(322, 126, 10, '2021-08-08 03:26:16', '2021-08-08 03:26:16'),
(323, 127, 10, '2021-08-08 03:26:16', '2021-08-08 03:26:16'),
(324, 185, 10, '2021-08-08 03:26:16', '2021-08-08 03:26:16'),
(325, 186, 10, '2021-08-08 03:26:16', '2021-08-08 03:26:16'),
(326, 203, 10, '2021-08-08 03:26:16', '2021-08-08 03:26:16'),
(327, 236, 10, '2021-08-08 03:26:16', '2021-08-08 03:26:16'),
(328, 237, 10, '2021-08-08 03:26:16', '2021-08-08 03:26:16'),
(329, 279, 10, '2021-08-08 03:26:16', '2021-08-08 03:26:16'),
(330, 395, 10, '2021-08-08 03:26:16', '2021-08-08 03:26:16'),
(331, 396, 10, '2021-08-08 03:26:17', '2021-08-08 03:26:17'),
(332, 397, 10, '2021-08-08 03:26:17', '2021-08-08 03:26:17'),
(333, 398, 10, '2021-08-08 03:26:17', '2021-08-08 03:26:17'),
(334, 399, 10, '2021-08-08 03:26:17', '2021-08-08 03:26:17'),
(335, 400, 10, '2021-08-08 03:26:17', '2021-08-08 03:26:17'),
(336, 401, 10, '2021-08-08 03:26:17', '2021-08-08 03:26:17'),
(337, 402, 10, '2021-08-08 03:26:17', '2021-08-08 03:26:17'),
(338, 403, 10, '2021-08-08 03:26:17', '2021-08-08 03:26:17'),
(339, 404, 10, '2021-08-08 03:26:17', '2021-08-08 03:26:17'),
(340, 577, 10, '2021-08-08 03:26:17', '2021-08-08 03:26:17'),
(341, 578, 10, '2021-08-08 03:26:17', '2021-08-08 03:26:17'),
(342, 579, 10, '2021-08-08 03:26:17', '2021-08-08 03:26:17'),
(343, 580, 10, '2021-08-08 03:26:17', '2021-08-08 03:26:17'),
(344, 581, 10, '2021-08-08 03:26:17', '2021-08-08 03:26:17'),
(345, 582, 10, '2021-08-08 03:26:17', '2021-08-08 03:26:17'),
(346, 583, 10, '2021-08-08 03:26:17', '2021-08-08 03:26:17'),
(347, 584, 10, '2021-08-08 03:26:17', '2021-08-08 03:26:17'),
(348, 585, 10, '2021-08-08 03:26:17', '2021-08-08 03:26:17'),
(349, 586, 10, '2021-08-08 03:26:17', '2021-08-08 03:26:17'),
(350, 210, 10, '2021-08-08 03:26:17', '2021-08-08 03:26:17');

-- --------------------------------------------------------

--
-- Cấu trúc bảng cho bảng `dethi`
--

CREATE TABLE `dethi` (
  `id` bigint(20) UNSIGNED NOT NULL,
  `tendethi` varchar(255) COLLATE utf8mb4_unicode_ci NOT NULL,
  `created_at` timestamp NULL DEFAULT NULL,
  `updated_at` timestamp NULL DEFAULT NULL
) ENGINE=InnoDB DEFAULT CHARSET=utf8mb4 COLLATE=utf8mb4_unicode_ci;

--
-- Đang đổ dữ liệu cho bảng `dethi`
--

INSERT INTO `dethi` (`id`, `tendethi`, `created_at`, `updated_at`) VALUES
(1, 'Đề số 1', '2021-08-08 03:25:35', '2021-08-08 03:25:35'),
(2, 'Đề số 2', '2021-08-08 03:25:38', '2021-08-08 03:25:38'),
(3, 'Đề số 3', '2021-08-08 03:25:43', '2021-08-08 03:25:43'),
(4, 'Đề số 4', '2021-08-08 03:25:47', '2021-08-08 03:25:47'),
(5, 'Đề số 5', '2021-08-08 03:25:49', '2021-08-08 03:25:49'),
(6, 'Đề số 6', '2021-08-08 03:25:53', '2021-08-08 03:25:53'),
(7, 'Đề số 7', '2021-08-08 03:25:57', '2021-08-08 03:25:57'),
(8, 'Đề số 8', '2021-08-08 03:26:01', '2021-08-08 03:26:01'),
(9, 'Đề số 9', '2021-08-08 03:26:05', '2021-08-08 03:26:05'),
(10, 'Đề số 10', '2021-08-08 03:26:08', '2021-08-08 03:26:08');

-- --------------------------------------------------------

--
-- Cấu trúc bảng cho bảng `loaicauhoi`
--

CREATE TABLE `loaicauhoi` (
  `id` bigint(20) UNSIGNED NOT NULL,
  `loaicauhoi` varchar(255) COLLATE utf8mb4_unicode_ci NOT NULL,
  `created_at` timestamp NULL DEFAULT NULL,
  `updated_at` timestamp NULL DEFAULT NULL
) ENGINE=InnoDB DEFAULT CHARSET=utf8mb4 COLLATE=utf8mb4_unicode_ci;

--
-- Đang đổ dữ liệu cho bảng `loaicauhoi`
--

INSERT INTO `loaicauhoi` (`id`, `loaicauhoi`, `created_at`, `updated_at`) VALUES
(1, 'Câu hỏi khái niệm và quy tắc GTĐB', '2021-07-20 03:22:31', '2021-08-08 03:15:55'),
(2, 'Câu hỏi về nghiệp vụ vận tải', '2021-07-20 03:24:14', '2021-07-20 03:24:14'),
(3, 'Câu hỏi về câu văn hóa GT, đạo đức người lái xe', '2021-07-20 03:24:45', '2021-07-20 03:24:45'),
(4, 'Câu hỏi về kỹ thuật lái xe', '2021-07-20 03:24:56', '2021-07-20 03:25:03'),
(5, 'Câu hỏi về cấu tạo và sửa chữa', '2021-07-20 03:25:17', '2021-07-20 03:25:17'),
(6, 'Câu hỏi về hệ thống biển báo', '2021-07-20 03:25:32', '2021-07-20 03:25:32'),
(7, 'Câu hỏi về sa hình và kỹ năng xử lý tình huống', '2021-07-20 03:26:01', '2021-07-20 03:26:01'),
(8, 'Câu hỏi về câu hỏi về tình huống mất ATGT nghiêm trọng', '2021-07-20 03:26:14', '2021-07-20 03:26:14');

-- --------------------------------------------------------

--
-- Cấu trúc bảng cho bảng `migrations`
--

CREATE TABLE `migrations` (
  `id` int(10) UNSIGNED NOT NULL,
  `migration` varchar(255) COLLATE utf8mb4_unicode_ci NOT NULL,
  `batch` int(11) NOT NULL
) ENGINE=InnoDB DEFAULT CHARSET=utf8mb4 COLLATE=utf8mb4_unicode_ci;

--
-- Đang đổ dữ liệu cho bảng `migrations`
--

INSERT INTO `migrations` (`id`, `migration`, `batch`) VALUES
(3, '2019_08_19_000000_create_failed_jobs_table', 1),
(4, '2021_05_29_021249_dethi', 2),
(5, '2021_05_29_021335_loai_cau_hoi', 2),
(6, '2021_05_29_075016_dethi', 3),
(8, '2021_06_07_070258_cauhoi', 4),
(9, '2021_06_07_070618_ketquathi', 5),
(10, '2021_06_15_090546_cauhoi', 6),
(12, '2014_10_12_000000_create_users_table', 7),
(13, '2014_10_12_100000_create_password_resets_table', 7),
(14, '2021_05_29_075534_loaicauhoi', 7),
(19, '2021_07_20_095202_loaicauhoi', 8),
(20, '2021_07_20_095507_dethi', 8),
(21, '2021_07_20_095756_cauhoi', 8),
(22, '2021_07_20_100308_chitiet_dethi', 9);

-- --------------------------------------------------------

--
-- Cấu trúc bảng cho bảng `password_resets`
--

CREATE TABLE `password_resets` (
  `email` varchar(255) COLLATE utf8mb4_unicode_ci NOT NULL,
  `token` varchar(255) COLLATE utf8mb4_unicode_ci NOT NULL,
  `created_at` timestamp NULL DEFAULT NULL
) ENGINE=InnoDB DEFAULT CHARSET=utf8mb4 COLLATE=utf8mb4_unicode_ci;

-- --------------------------------------------------------

--
-- Cấu trúc bảng cho bảng `users`
--

CREATE TABLE `users` (
  `id` bigint(20) UNSIGNED NOT NULL,
  `name` varchar(255) COLLATE utf8mb4_unicode_ci DEFAULT NULL,
  `email` varchar(255) COLLATE utf8mb4_unicode_ci NOT NULL,
  `password` varchar(255) COLLATE utf8mb4_unicode_ci NOT NULL,
  `level` int(11) NOT NULL,
  `remember_token` varchar(100) COLLATE utf8mb4_unicode_ci DEFAULT NULL,
  `created_at` timestamp NULL DEFAULT NULL,
  `updated_at` timestamp NULL DEFAULT NULL
) ENGINE=InnoDB DEFAULT CHARSET=utf8mb4 COLLATE=utf8mb4_unicode_ci;

--
-- Đang đổ dữ liệu cho bảng `users`
--

INSERT INTO `users` (`id`, `name`, `email`, `password`, `level`, `remember_token`, `created_at`, `updated_at`) VALUES
(2, NULL, 'admin@gmail.com', '$2y$10$boIpqnIqRhLoEKoABVYBjebRCVhY1VR2rgJxaLG8su2Eo7GC8YFbW', 1, NULL, '2021-07-20 03:21:01', '2021-07-20 03:21:01');

--
-- Chỉ mục cho các bảng đã đổ
--

--
-- Chỉ mục cho bảng `cauhoi`
--
ALTER TABLE `cauhoi`
  ADD PRIMARY KEY (`id`),
  ADD KEY `cauhoi_idloaicauhoi_foreign` (`idloaicauhoi`);

--
-- Chỉ mục cho bảng `chitiet_dethi`
--
ALTER TABLE `chitiet_dethi`
  ADD PRIMARY KEY (`id`),
  ADD KEY `chitiet_dethi_id_cauhoi_foreign` (`id_cauhoi`),
  ADD KEY `chitiet_dethi_id_dethi_foreign` (`id_dethi`);

--
-- Chỉ mục cho bảng `dethi`
--
ALTER TABLE `dethi`
  ADD PRIMARY KEY (`id`);

--
-- Chỉ mục cho bảng `loaicauhoi`
--
ALTER TABLE `loaicauhoi`
  ADD PRIMARY KEY (`id`);

--
-- Chỉ mục cho bảng `migrations`
--
ALTER TABLE `migrations`
  ADD PRIMARY KEY (`id`);

--
-- Chỉ mục cho bảng `password_resets`
--
ALTER TABLE `password_resets`
  ADD KEY `password_resets_email_index` (`email`);

--
-- Chỉ mục cho bảng `users`
--
ALTER TABLE `users`
  ADD PRIMARY KEY (`id`),
  ADD UNIQUE KEY `users_email_unique` (`email`);

--
-- AUTO_INCREMENT cho các bảng đã đổ
--

--
-- AUTO_INCREMENT cho bảng `cauhoi`
--
ALTER TABLE `cauhoi`
  MODIFY `id` bigint(20) UNSIGNED NOT NULL AUTO_INCREMENT, AUTO_INCREMENT=604;

--
-- AUTO_INCREMENT cho bảng `chitiet_dethi`
--
ALTER TABLE `chitiet_dethi`
  MODIFY `id` bigint(20) UNSIGNED NOT NULL AUTO_INCREMENT, AUTO_INCREMENT=351;

--
-- AUTO_INCREMENT cho bảng `dethi`
--
ALTER TABLE `dethi`
  MODIFY `id` bigint(20) UNSIGNED NOT NULL AUTO_INCREMENT, AUTO_INCREMENT=11;

--
-- AUTO_INCREMENT cho bảng `loaicauhoi`
--
ALTER TABLE `loaicauhoi`
  MODIFY `id` bigint(20) UNSIGNED NOT NULL AUTO_INCREMENT, AUTO_INCREMENT=12;

--
-- AUTO_INCREMENT cho bảng `migrations`
--
ALTER TABLE `migrations`
  MODIFY `id` int(10) UNSIGNED NOT NULL AUTO_INCREMENT, AUTO_INCREMENT=23;

--
-- AUTO_INCREMENT cho bảng `users`
--
ALTER TABLE `users`
  MODIFY `id` bigint(20) UNSIGNED NOT NULL AUTO_INCREMENT, AUTO_INCREMENT=4;

--
-- Các ràng buộc cho các bảng đã đổ
--

--
-- Các ràng buộc cho bảng `cauhoi`
--
ALTER TABLE `cauhoi`
  ADD CONSTRAINT `cauhoi_idloaicauhoi_foreign` FOREIGN KEY (`idloaicauhoi`) REFERENCES `loaicauhoi` (`id`);

--
-- Các ràng buộc cho bảng `chitiet_dethi`
--
ALTER TABLE `chitiet_dethi`
  ADD CONSTRAINT `chitiet_dethi_id_cauhoi_foreign` FOREIGN KEY (`id_cauhoi`) REFERENCES `cauhoi` (`id`),
  ADD CONSTRAINT `chitiet_dethi_id_dethi_foreign` FOREIGN KEY (`id_dethi`) REFERENCES `dethi` (`id`);
COMMIT;

/*!40101 SET CHARACTER_SET_CLIENT=@OLD_CHARACTER_SET_CLIENT */;
/*!40101 SET CHARACTER_SET_RESULTS=@OLD_CHARACTER_SET_RESULTS */;
/*!40101 SET COLLATION_CONNECTION=@OLD_COLLATION_CONNECTION */;
